Name,Land,Kontakt,,,,,,,,,,,#REF!
STV Aalen,Baden-Württemberg,N,,,,,,,,,,,#REF!
ABH Bad Krozingen,Baden-Württemberg,N,,,,,,,,,,,#REF!
STV Backnang,Baden-Württemberg,N,,,,,,,,,,,#REF!
STV Böblingen,Baden-Württemberg,N,,,,,,,,,,,#REF!
STV Esslingen,Baden-Württemberg,N,,,,,,,,,,,#REF!
STV Fellbach,Baden-Württemberg,N,,,,,,,,,,,#REF!
BGM Geislingen,Baden-Württemberg,N,,,,,,,,,,,#REF!
STV Göppingen,Baden-Württemberg,N,,,,,,,,,,,#REF!
STV Heidenheim,Baden-Württemberg,N,,,,,,,,,,,#REF!
STV Heilbronn,Baden-Württemberg,N,,,,,,,,,,,#REF!
BGM Kirchheim unter Teck,Baden-Württemberg,N,,,,,,,,,,,#REF!
STV Kornwestheim,Baden-Württemberg,N,,,,,,,,,,,#REF!
STV Leonberg,Baden-Württemberg,N,,,,,,,,,,,#REF!
STV Ludwigsburg,Baden-Württemberg,N,,,,,,,,,,,#REF!
STV Nürtingen,Baden-Württemberg,N,,,,,,,,,,,#REF!
STV Schwäbisch Gmünd,Baden-Württemberg,N,,,,,,,,,,,#REF!
STV Schwäbisch Hall,Baden-Württemberg,N,,,,,,,,,,,#REF!
STV Sindelfingen,Baden-Württemberg,N,,,,,,,,,,,#REF!
STV Ulm,Baden-Württemberg,N,,,,,,,,,,,#REF!
LHS Stuttgart,Baden-Württemberg,N,,,,,,,,,,,#REF!
STV Waiblingen,Baden-Württemberg,N,,,,,,,,,,,#REF!
LRA Ostalbkreis,Baden-Württemberg,N,,,,,,,,,,,#REF!
STV Herrenberg,Baden-Württemberg,N,,,,,,,,,,,#REF!
BGM Stutensee,Baden-Württemberg,N,,,,,,,,,,,#REF!
LRA Böblingen,Baden-Württemberg,N,,,,,,,,,,,#REF!
LRA Esslingen,Baden-Württemberg,N,,,,,,,,,,,#REF!
LRA Göppingen,Baden-Württemberg,N,,,,,,,,,,,#REF!
LRA Heidenheim,Baden-Württemberg,N,,,,,,,,,,,#REF!
LRA Heilbronn,Baden-Württemberg,N,,,,,,,,,,,#REF!
LRA Hohenlohekreis,Baden-Württemberg,N,,,,,,,,,,,#REF!
LRA Ludwigsburg,Baden-Württemberg,N,,,,,,,,,,,#REF!
RP Stuttgart,Baden-Württemberg,N,,,,,,,,,,,#REF!
LEA Ellwangen,Baden-Württemberg,N,,,,,,,,,,,#REF!
RP Stuttgart - LZF,Baden-Württemberg,N,,,,,,,,,,,#REF!
RP Tübingen (15.2 ABH),Baden-Württemberg,N,,,,,,,,,,,#REF!
LRA Schwäbisch Hall,Baden-Württemberg,N,,,,,,,,,,,#REF!
LRA Alb-Donau Kreis in Ulm,Baden-Württemberg,N,,,,,,,,,,,#REF!
LRA Alb-Donau-Kreis in Ehingen,Baden-Württemberg,N,,,,,,,,,,,#REF!
LRA Rems-Murr-Kreis,Baden-Württemberg,N,,,,,,,,,,,#REF!
STV Bruchsal,Baden-Württemberg,N,,,,,,,,,,,#REF!
STV Ettlingen,Baden-Württemberg,N,,,,,,,,,,,#REF!
STV Heidelberg,Baden-Württemberg,N,,,,,,,,,,,#REF!
STV Karlsruhe,Baden-Württemberg,N,,,,,,,,,,,#REF!
Stadt Mannheim,Baden-Württemberg,N,,,,,,,,,,,#REF!
STV Pforzheim,Baden-Württemberg,N,,,,,,,,,,,#REF!
STV Weinheim,Baden-Württemberg,N,,,,,,,,,,,#REF!
STV Waldkirch,Baden-Württemberg,N,,,,,,,,,,,#REF!
LRA Rhein-Neckar-Kreis,Baden-Württemberg,N,,,,,,,,,,,#REF!
LRA Karlsruhe,Baden-Württemberg,N,,,,,,,,,,,#REF!
LRA Neckar-Odenw.Kreis,Baden-Württemberg,N,,,,,,,,,,,#REF!
LRA Enzkreis,Baden-Württemberg,N,,,,,,,,,,,#REF!
STV Achern,Baden-Württemberg,N,,,,,,,,,,,#REF!
LRA Main-Tauber-Kreis,Baden-Württemberg,N,,,,,,,,,,,#REF!
STV Baden-Baden,Baden-Württemberg,N,,,,,,,,,,,#REF!
STV Freiburg,Baden-Württemberg,N,,,,,,,,,,,#REF!
STV Konstanz,Baden-Württemberg,N,,,,,,,,,,,#REF!
STV Lahr,Baden-Württemberg,N,,,,,,,,,,,#REF!
STV Lörrach,Baden-Württemberg,N,,,,,,,,,,,#REF!
BGM Offenburg,Baden-Württemberg,N,,,,,,,,,,,#REF!
STV Rastatt,Baden-Württemberg,N,,,,,,,,,,,#REF!
STV Singen,Baden-Württemberg,N,,,,,,,,,,,#REF!
STV Villingen-Schwenningen,Baden-Württemberg,N,,,,,,,,,,,#REF!
LRA Emmendingen,Baden-Württemberg,N,,,,,,,,,,,#REF!
LRA Breisgau/Hochschwarzwald,Baden-Württemberg,N,,,,,,,,,,,#REF!
LRA Konstanz,Baden-Württemberg,N,,,,,,,,,,,#REF!
STV Leimen,Baden-Württemberg,N,,,,,,,,,,,#REF!
LRA Lörrach,Baden-Württemberg,N,,,,,,,,,,,#REF!
RP Tübingen (15.1 ABH),Baden-Württemberg,N,,,,,,,,,,,#REF!
RP Freiburg (Höhere Ausländerbehörde),Baden-Württemberg,N,,,,,,,,,,,#REF!
RP Freiburg (LEA Ausländerbehörde),Baden-Württemberg,N,,,,,,,,,,,#REF!
LRA Ortenaukreis,Baden-Württemberg,N,,,,,,,,,,,#REF!
LRA Rastatt,Baden-Württemberg,N,,,,,,,,,,,#REF!
RP Karlsruhe,Baden-Württemberg,N,,,,,,,,,,,#REF!
EAE Karlsruhe,Baden-Württemberg,N,,,,,,,,,,,#REF!
RP Karlsruhe - LZF,Baden-Württemberg,N,,,,,,,,,,,#REF!
LRA Schwarzwald-Baar-Kreis,Baden-Württemberg,N,,,,,,,,,,,#REF!
LRA Waldshut,Baden-Württemberg,N,,,,,,,,,,,#REF!
Stadt Leutkirch im Allgäu,Baden-Württemberg,N,,,,,,,,,,,#REF!
STV Biberach a.d.Riß,Baden-Württemberg,N,,,,,,,,,,,#REF!
STV Albstadt,Baden-Württemberg,N,,,,,,,,,,,#REF!
STV Friedrichshafen,Baden-Württemberg,N,,,,,,,,,,,#REF!
STV Ravensburg,Baden-Württemberg,N,,,,,,,,,,,#REF!
STV Reutlingen,Baden-Württemberg,N,,,,,,,,,,,#REF!
STV Tübingen,Baden-Württemberg,N,,,,,,,,,,,#REF!
STV Tuttlingen,Baden-Württemberg,N,,,,,,,,,,,#REF!
LRA Zollernalbkreis,Baden-Württemberg,N,,,,,,,,,,,#REF!
LRA Biberach,Baden-Württemberg,N,,,,,,,,,,,#REF!
LRA Calw,Baden-Württemberg,N,,,,,,,,,,,#REF!
STV Öhringen,Baden-Württemberg,N,,,,,,,,,,,#REF!
LRA Freudenstadt,Baden-Württemberg,N,,,,,,,,,,,#REF!
STV Balingen,Baden-Württemberg,N,,,,,,,,,,,#REF!
STV Ehingen,Baden-Württemberg,N,,,,,,,,,,,#REF!
STV Calw,Baden-Württemberg,N,,,,,,,,,,,#REF!
LRA Ravensburg,Baden-Württemberg,N,,,,,,,,,,,#REF!
LRA Reutlingen,Baden-Württemberg,N,,,,,,,,,,,#REF!
LRA Rottweil,Baden-Württemberg,N,,,,,,,,,,,#REF!
STV Überlingen,Baden-Württemberg,N,,,,,,,,,,,#REF!
LRA Sigmaringen,Baden-Württemberg,N,,,,,,,,,,,#REF!
LRA Tübingen,Baden-Württemberg,N,,,,,,,,,,,#REF!
STV Mössingen,Baden-Württemberg,N,,,,,,,,,,,#REF!
LRA Tuttlingen,Baden-Württemberg,N,,,,,,,,,,,#REF!
STV Weingarten,Baden-Württemberg,N,,,,,,,,,,,#REF!
STV Schwetzingen,Baden-Württemberg,N,,,,,,,,,,,#REF!
STV Donaueschingen,Baden-Württemberg,N,,,,,,,,,,,#REF!
STV Bad Rappenau,Baden-Württemberg,N,,,,,,,,,,,#REF!
ABH Remseck a. N.,Baden-Württemberg,N,,,,,,,,,,,#REF!
STV Oberkirch,Baden-Württemberg,N,,,,,,,,,,,#REF!
BGM Eppingen,Baden-Württemberg,N,,,,,,,,,,,#REF!
STV Giengen,Baden-Württemberg,N,,,,,,,,,,,#REF!
STV Hockenheim,Baden-Württemberg,N,,,,,,,,,,,#REF!
STV Kehl,Baden-Württemberg,N,,,,,,,,,,,#REF!
BGM Weil am Rhein,Baden-Württemberg,N,,,,,,,,,,,#REF!
STV Crailsheim,Baden-Württemberg,N,,,,,,,,,,,#REF!
STV Schramberg,Baden-Württemberg,N,,,,,,,,,,,#REF!
BGM Ellwangen,Baden-Württemberg,N,,,,,,,,,,,#REF!
STV Rottenburg,Baden-Württemberg,N,,,,,,,,,,,#REF!
BGM Bretten,Baden-Württemberg,N,,,,,,,,,,,#REF!
BGM Radolfzell,Baden-Württemberg,N,,,,,,,,,,,#REF!
ABH Stadt Rheinfelden,Baden-Württemberg,N,,,,,,,,,,,#REF!
STV Bad Mergentheim,Baden-Württemberg,N,,,,,,,,,,,#REF!
STV Wertheim,Baden-Württemberg,N,,,,,,,,,,,#REF!
STV Leinfelden-Echterdingen,Baden-Württemberg,N,,,,,,,,,,,#REF!
STV Filderstadt,Baden-Württemberg,N,,,,,,,,,,,#REF!
STV Ostfildern,Baden-Württemberg,N,,,,,,,,,,,#REF!
STV Mosbach,Baden-Württemberg,N,,,,,,,,,,,#REF!
BGM Gaggenau,Baden-Württemberg,N,,,,,,,,,,,#REF!
STV Rottweil,Baden-Württemberg,N,,,,,,,,,,,#REF!
BGM Schorndorf,Baden-Württemberg,N,,,,,,,,,,,#REF!
BGM Bietigheim-Bissingen,Baden-Württemberg,N,,,,,,,,,,,#REF!
LRA Bodenseekreis,Baden-Württemberg,N,,,,,,,,,,,#REF!
STV Neckarsulm,Baden-Württemberg,N,,,,,,,,,,,#REF!
STV Mühlacker,Baden-Württemberg,N,,,,,,,,,,,#REF!
STV Vaihingen,Baden-Württemberg,N,,,,,,,,,,,#REF!
STV Winnenden,Baden-Württemberg,N,,,,,,,,,,,#REF!
STV Bühl,Baden-Württemberg,N,,,,,,,,,,,#REF!
BGM Sinsheim,Baden-Württemberg,N,,,,,,,,,,,#REF!
STV Wiesloch,Baden-Württemberg,N,,,,,,,,,,,#REF!
BGM Emmendingen,Baden-Württemberg,N,,,,,,,,,,,#REF!
STV Wangen,Baden-Württemberg,N,,,,,,,,,,,#REF!
STV Waldshut-Tiengen,Baden-Württemberg,N,,,,,,,,,,,#REF!
STV Ditzingen,Baden-Württemberg,N,,,,,,,,,,,#REF!
STV Weinstadt,Baden-Württemberg,N,,,,,,,,,,,#REF!
BGM Horb a.N.,Baden-Württemberg,N,,,,,,,,,,,#REF!
STV Nagold,Baden-Württemberg,N,,,,,,,,,,,#REF!
BGM Freudenstadt,Baden-Württemberg,N,,,,,,,,,,,#REF!
STV Metzingen,Baden-Württemberg,N,,,,,,,,,,,#REF!
Stadtverwaltung Waghäusel,Baden-Württemberg,N,,,,,,,,,,,#REF!
Stadt Laupheim,Baden-Württemberg,N,,,,,,,,,,,#REF!
Regierung von Unterfranken,Bayern,N,,,,,,,,,,,#REF!
STV Ingolstadt,Bayern,N,,,,,,,,,,,#REF!
LH München,Bayern,N,,,,,,,,,,,#REF!
STV Rosenheim,Bayern,N,,,,,,,,,,,#REF!
LRA Altötting,Bayern,N,,,,,,,,,,,#REF!
LRA Bad Tölz,Bayern,N,,,,,,,,,,,#REF!
LRA Dachau,Bayern,N,,,,,,,,,,,#REF!
LRA Ebersberg,Bayern,N,,,,,,,,,,,#REF!
LRA Erding,Bayern,N,,,,,,,,,,,#REF!
LRA Freising,Bayern,N,,,,,,,,,,,#REF!
LRA Fürstenfeldbruck,Bayern,N,,,,,,,,,,,#REF!
LRA Garmisch-Partenkirchen,Bayern,N,,,,,,,,,,,#REF!
LRA Landsberg,Bayern,N,,,,,,,,,,,#REF!
LRA Miesbach,Bayern,N,,,,,,,,,,,#REF!
LRA Mühldorf a. Inn,Bayern,N,,,,,,,,,,,#REF!
LRA München,Bayern,N,,,,,,,,,,,#REF!
LRA Pfaffenhofen,Bayern,N,,,,,,,,,,,#REF!
LRA Rosenheim,Bayern,N,,,,,,,,,,,#REF!
LRA Starnberg,Bayern,N,,,,,,,,,,,#REF!
LRA Traunstein,Bayern,N,,,,,,,,,,,#REF!
LRA Weilheim-Schongau,Bayern,N,,,,,,,,,,,#REF!
LRA Weilheim-Schongau 1,Bayern,N,,,,,,,,,,,#REF!
STV Landshut,Bayern,N,,,,,,,,,,,#REF!
STV Passau,Bayern,N,,,,,,,,,,,#REF!
STV Straubing,Bayern,N,,,,,,,,,,,#REF!
LRA Deggendorf,Bayern,N,,,,,,,,,,,#REF!
LRA Kelheim,Bayern,N,,,,,,,,,,,#REF!
ZAB Mittelfranken,Bayern,N,,,,,,,,,,,#REF!
ZAB Oberfranken,Bayern,N,,,,,,,,,,,#REF!
ZAB Oberfranken 2,Bayern,N,,,,,,,,,,,#REF!
Reg. v. Mfr. Zentr. Stelle f. d. Einwanderung von Fachkräften,Bayern,N,,,,,,,,,,,#REF!
ABH FA Regierung von Mittelfranken,Bayern,N,,,,,,,,,,,#REF!
ZAB Oberbayern München,Bayern,N,,,,,,,,,,,#REF!
ZAB Oberbayern AS: Ingolstadt,Bayern,N,,,,,,,,,,,#REF!
LRA Landshut,Bayern,N,,,,,,,,,,,#REF!
ZAB Niederbayern,Bayern,N,,,,,,,,,,,#REF!
LRA Passau,Bayern,N,,,,,,,,,,,#REF!
LRA Regen,Bayern,N,,,,,,,,,,,#REF!
STV Amberg,Bayern,N,,,,,,,,,,,#REF!
Stadt Regensburg,Bayern,N,,,,,,,,,,,#REF!
STV Weiden,Bayern,N,,,,,,,,,,,#REF!
LRA Amberg-Sulzbach,Bayern,N,,,,,,,,,,,#REF!
LRA Cham,Bayern,N,,,,,,,,,,,#REF!
LRA Neumarkt i.d. OPf.,Bayern,N,,,,,,,,,,,#REF!
LRA Neustadt/Waldnaab,Bayern,N,,,,,,,,,,,#REF!
LRA Regensburg,Bayern,N,,,,,,,,,,,#REF!
LRA Tirschenreuth,Bayern,N,,,,,,,,,,,#REF!
STV Bamberg,Bayern,N,,,,,,,,,,,#REF!
STV Bayreuth,Bayern,N,,,,,,,,,,,#REF!
STV Coburg,Bayern,N,,,,,,,,,,,#REF!
STV Hof,Bayern,N,,,,,,,,,,,#REF!
LRA Bamberg,Bayern,N,,,,,,,,,,,#REF!
LRA Bayreuth,Bayern,N,,,,,,,,,,,#REF!
LRA Coburg,Bayern,N,,,,,,,,,,,#REF!
LRA Forchheim,Bayern,N,,,,,,,,,,,#REF!
LRA Hof,Bayern,N,,,,,,,,,,,#REF!
LRA Kronach,Bayern,N,,,,,,,,,,,#REF!
LRA Kulmbach,Bayern,N,,,,,,,,,,,#REF!
LRA Lichtenfels,Bayern,N,,,,,,,,,,,#REF!
LRA Wunsiedel i.F.,Bayern,N,,,,,,,,,,,#REF!
STV Ansbach,Bayern,N,,,,,,,,,,,#REF!
STV Erlangen,Bayern,N,,,,,,,,,,,#REF!
STV Fürth,Bayern,N,,,,,,,,,,,#REF!
STV Nürnberg,Bayern,N,,,,,,,,,,,#REF!
STV Schwabach,Bayern,N,,,,,,,,,,,#REF!
LRA Ansbach,Bayern,N,,,,,,,,,,,#REF!
LRA Erlangen-Höchstadt,Bayern,N,,,,,,,,,,,#REF!
LRA Fürth,Bayern,N,,,,,,,,,,,#REF!
LRA Nürnberger Land,Bayern,N,,,,,,,,,,,#REF!
LRA Neustadt / Bad Windsheim,Bayern,N,,,,,,,,,,,#REF!
LRA Weißenburg-Gunzenhausen,Bayern,N,,,,,,,,,,,#REF!
STV Aschaffenburg,Bayern,N,,,,,,,,,,,#REF!
STV Schweinfurt,Bayern,N,,,,,,,,,,,#REF!
STV Würzburg,Bayern,N,,,,,,,,,,,#REF!
LRA Aschaffenburg,Bayern,N,,,,,,,,,,,#REF!
LRA Bad Kissingen,Bayern,N,,,,,,,,,,,#REF!
LRA Rhön-Grabfeld,Bayern,N,,,,,,,,,,,#REF!
LRA Kitzingen,Bayern,N,,,,,,,,,,,#REF!
LRA Miltenberg,Bayern,N,,,,,,,,,,,#REF!
LRA Schweinfurt,Bayern,N,,,,,,,,,,,#REF!
ZAB Unterfranken,Bayern,N,,,,,,,,,,,#REF!
LRA Würzburg,Bayern,N,,,,,,,,,,,#REF!
STV Augsburg,Bayern,N,,,,,,,,,,,#REF!
STV Kaufbeuren,Bayern,N,,,,,,,,,,,#REF!
STV Kempten,Bayern,N,,,,,,,,,,,#REF!
STV Memmingen,Bayern,N,,,,,,,,,,,#REF!
LRA Dillingen,Bayern,N,,,,,,,,,,,#REF!
LRA Lindau / Bodensee,Bayern,N,,,,,,,,,,,#REF!
LRA Ostallgäu,Bayern,N,,,,,,,,,,,#REF!
LRA Unterallgäu,Bayern,N,,,,,,,,,,,#REF!
LRA Berchtesgadener Land,Bayern,N,,,,,,,,,,,#REF!
LRA Eichstätt,Bayern,N,,,,,,,,,,,#REF!
LRA Neuburg-Schrobenhausen,Bayern,N,,,,,,,,,,,#REF!
LRA Freyung-Grafenau,Bayern,N,,,,,,,,,,,#REF!
LRA Rottal-Inn,Bayern,N,,,,,,,,,,,#REF!
LRA Straubing-Bogen,Bayern,N,,,,,,,,,,,#REF!
LRA Dingolfing-Landau,Bayern,N,,,,,,,,,,,#REF!
LRA Schwandorf,Bayern,N,,,,,,,,,,,#REF!
LRA Roth,Bayern,N,,,,,,,,,,,#REF!
LRA Haßberge,Bayern,N,,,,,,,,,,,#REF!
LRA Main-Spessart-Kreis,Bayern,N,,,,,,,,,,,#REF!
LRA Aichach-Friedberg,Bayern,N,,,,,,,,,,,#REF!
LRA Augsburg,Bayern,N,,,,,,,,,,,#REF!
LRA Günzburg,Bayern,N,,,,,,,,,,,#REF!
LRA Neu-Ulm,Bayern,N,,,,,,,,,,,#REF!
LRA Donau-Ries,Bayern,N,,,,,,,,,,,#REF!
LRA Oberallgäu,Bayern,N,,,,,,,,,,,#REF!
LfAR Bayern,Bayern,N,,,,,,,,,,,#REF!
LfAR Bayern - Zentralstelle Ausländerextremismus,Bayern,N,,,,,,,,,,,#REF!
Regierung von Oberbayern,Bayern,N,,,,,,,,,,,#REF!
ZAB Schwaben Augsburg,Bayern,N,,,,,,,,,,,#REF!
ZAB Oberpfalz,Bayern,N,,,,,,,,,,,#REF!
LAF Berlin (ABH),Berlin,N,,,,,,,,,,,#REF!
LEA Berlin,Berlin,N,,,,,,,,,,,#REF!
LRA Potsdam - Mittelmark,Brandenburg,N,,,,,,,,,,,#REF!
KRV Prignitz,Brandenburg,N,,,,,,,,,,,#REF!
LKR Uckermark,Brandenburg,N,,,,,,,,,,,#REF!
STV Brandenburg,Brandenburg,N,,,,,,,,,,,#REF!
KRV Teltow-Fläming,Brandenburg,N,,,,,,,,,,,#REF!
KRV Ostprignitz - Ruppin,Brandenburg,N,,,,,,,,,,,#REF!
LKR Oberhavel,Brandenburg,N,,,,,,,,,,,#REF!
STV Potsdam,Brandenburg,N,,,,,,,,,,,#REF!
KRV Havelland,Brandenburg,N,,,,,,,,,,,#REF!
KRV Oder-Spree,Brandenburg,N,,,,,,,,,,,#REF!
LKR Barnim,Brandenburg,N,,,,,,,,,,,#REF!
ZABH und EAE Brandenburg,Brandenburg,N,,,,,,,,,,,#REF!
STV Frankfurt/Oder,Brandenburg,N,,,,,,,,,,,#REF!
LKR Märkisch-Oderland,Brandenburg,N,,,,,,,,,,,#REF!
STV Schwedt,Brandenburg,N,,,,,,,,,,,#REF!
StV Cottbus,Brandenburg,N,,,,,,,,,,,#REF!
LKR Elbe-Elster,Brandenburg,N,,,,,,,,,,,#REF!
KRV Dahme - Spreewald,Brandenburg,N,,,,,,,,,,,#REF!
LKR Oberspreewald-Lausitz,Brandenburg,N,,,,,,,,,,,#REF!
ZAST Bremen,Bremen,N,,,,,,,,,,,#REF!
STV Bremen,Bremen,N,,,,,,,,,,,#REF!
Freie Hansestadt Bremen,Bremen,N,,,,,,,,,,,#REF!
STV Bremerhaven,Bremen,N,,,,,,,,,,,#REF!
Stadt Hamburg - BIS (Ausländerbehörde),Hamburg,N,,,,,,,,,,,#REF!
ZAB Regierungspräsidium Kassel,Hessen,N,,,,,,,,,,,#REF!
ABH Darmstadt,Hessen,N,,,,,,,,,,,#REF!
OB Frankfurt am Main,Hessen,N,,,,,,,,,,,#REF!
ABH Frankfurt am Main - Stadtpolizei ,Hessen,N,,,,,,,,,,,#REF!
ABH STV und KRV Kassel,Hessen,N,,,,,,,,,,,#REF!
OB Offenbach am Main,Hessen,N,,,,,,,,,,,#REF!
OB Wiesbaden,Hessen,N,,,,,,,,,,,#REF!
STV Gießen,Hessen,N,,,,,,,,,,,#REF!
RP Darmstadt,Hessen,N,,,,,,,,,,,#REF!
LR Kreis Bergstraße,Hessen,N,,,,,,,,,,,#REF!
LK Darmstadt-Dieburg,Hessen,N,,,,,,,,,,,#REF!
LR Odenwaldkreis,Hessen,N,,,,,,,,,,,#REF!
LR Wetteraukreis,Hessen,N,,,,,,,,,,,#REF!
LRA Gießen,Hessen,N,,,,,,,,,,,#REF!
LR Kreis Groß-Gerau,Hessen,N,,,,,,,,,,,#REF!
LRA Vogelsbergkreis,Hessen,N,,,,,,,,,,,#REF!
LR Kreis Offenbach,Hessen,N,,,,,,,,,,,#REF!
LRA Werra-Meissner-Kreis,Hessen,N,,,,,,,,,,,#REF!
LRA Schwalm-Eder-Kreis,Hessen,N,,,,,,,,,,,#REF!
LKR Fulda,Hessen,N,,,,,,,,,,,#REF!
LRA Hersfeld-Rotenburg,Hessen,N,,,,,,,,,,,#REF!
ABH Marburg-Biedenkopf (HS Marburg),Hessen,N,,,,,,,,,,,#REF!
LRA Waldeck-Frankenberg,Hessen,N,,,,,,,,,,,#REF!
LR Main-Kinzig-Kreis,Hessen,N,,,,,,,,,,,#REF!
LRA Limburg-Weilburg,Hessen,N,,,,,,,,,,,#REF!
LR Main-Taunus-Kreis,Hessen,N,,,,,,,,,,,#REF!
LR Hochtaunuskreis,Hessen,N,,,,,,,,,,,#REF!
LR Rheingau-Taunus-Kreis,Hessen,N,,,,,,,,,,,#REF!
LRA Lahn-Dill-Kreis,Hessen,N,,,,,,,,,,,#REF!
STV Wetzlar,Hessen,N,,,,,,,,,,,#REF!
OB Hanau,Hessen,N,,,,,,,,,,,#REF!
OB Bad Homburg v. d. Hoehe,Hessen,N,,,,,,,,,,,#REF!
STV Marburg,Hessen,N,,,,,,,,,,,#REF!
OB Rüsselsheim am Main,Hessen,N,,,,,,,,,,,#REF!
ZAB Gießen beim RP,Hessen,N,,,,,,,,,,,#REF!
Stadtamt Hansestadt Rostock,Mecklenburg-Vorpommern,N,,,,,,,,,,,#REF!
LKR Rostock,Mecklenburg-Vorpommern,N,,,,,,,,,,,#REF!
LKR Vorpommern-Greifswald,Mecklenburg-Vorpommern,N,,,,,,,,,,,#REF!
LKR Nordwestmecklenburg,Mecklenburg-Vorpommern,N,,,,,,,,,,,#REF!
LAiV Nostorf (ABH),Mecklenburg-Vorpommern,N,,,,,,,,,,,#REF!
LAiV Schwerin-Stern Buchholz (ABH),Mecklenburg-Vorpommern,N,,,,,,,,,,,#REF!
LAiV Schwerin-Stern Buchholz (ZAB f. d. Fachkräfteeinwanderung),Mecklenburg-Vorpommern,N,,,,,,,,,,,#REF!
LKR Vorpommern-Rügen,Mecklenburg-Vorpommern,N,,,,,,,,,,,#REF!
LKR Ludwigslust - Parchim,Mecklenburg-Vorpommern,N,,,,,,,,,,,#REF!
STV Schwerin,Mecklenburg-Vorpommern,N,,,,,,,,,,,#REF!
LKR Mecklenburg Seenplatte Neubrandenburg,Mecklenburg-Vorpommern,N,,,,,,,,,,,#REF!
LAB NI Hauptsitz,Niedersachsen,N,,,,,,,,,,,#REF!
LAB NI Ausländerrecht,Niedersachsen,N,,,,,,,,,,,#REF!
LAB NI Rückführung,Niedersachsen,N,,,,,,,,,,,#REF!
STV Hameln,Niedersachsen,N,,,,,,,,,,,#REF!
LHH Hannover,Niedersachsen,N,,,,,,,,,,,#REF!
KRV Diepholz,Niedersachsen,N,,,,,,,,,,,#REF!
KRV Hameln-Pyrmont,Niedersachsen,N,,,,,,,,,,,#REF!
Ausländerbehörde Region Hannover,Niedersachsen,N,,,,,,,,,,,#REF!
KRV Nienburg/Weser,Niedersachsen,N,,,,,,,,,,,#REF!
KRV Schaumburg,Niedersachsen,N,,,,,,,,,,,#REF!
STV Göttingen,Niedersachsen,N,,,,,,,,,,,#REF!
STV Hildesheim,Niedersachsen,N,,,,,,,,,,,#REF!
KRV Göttingen,Niedersachsen,N,,,,,,,,,,,#REF!
KRV Hildesheim,Niedersachsen,N,,,,,,,,,,,#REF!
KRV Holzminden,Niedersachsen,N,,,,,,,,,,,#REF!
LKR Northeim,Niedersachsen,N,,,,,,,,,,,#REF!
KRV Peine,Niedersachsen,N,,,,,,,,,,,#REF!
STV Celle,Niedersachsen,N,,,,,,,,,,,#REF!
Hansestadt Lüneburg,Niedersachsen,N,,,,,,,,,,,#REF!
STV Wolfsburg,Niedersachsen,N,,,,,,,,,,,#REF!
KRV Celle,Niedersachsen,N,,,,,,,,,,,#REF!
Landkreis Heidekreis,Niedersachsen,N,,,,,,,,,,,#REF!
KRV Gifhorn,Niedersachsen,N,,,,,,,,,,,#REF!
KRV Harburg,Niedersachsen,N,,,,,,,,,,,#REF!
KRV Lüchow-Dannenberg,Niedersachsen,N,,,,,,,,,,,#REF!
KRV Uelzen,Niedersachsen,N,,,,,,,,,,,#REF!
STV Cuxhaven,Niedersachsen,N,,,,,,,,,,,#REF!
KRV Osterholz,Niedersachsen,N,,,,,,,,,,,#REF!
KRV Rotenburg,Niedersachsen,N,,,,,,,,,,,#REF!
KRV Stade,Niedersachsen,N,,,,,,,,,,,#REF!
KRV Verden,Niedersachsen,N,,,,,,,,,,,#REF!
STV Osnabrück,Niedersachsen,N,,,,,,,,,,,#REF!
KRV Grafschaft Bentheim,Niedersachsen,N,,,,,,,,,,,#REF!
STV Lingen,Niedersachsen,N,,,,,,,,,,,#REF!
KRV Osnabrück,Niedersachsen,N,,,,,,,,,,,#REF!
STV Emden,Niedersachsen,N,,,,,,,,,,,#REF!
KRV Aurich,Niedersachsen,N,,,,,,,,,,,#REF!
KRV Leer,Niedersachsen,N,,,,,,,,,,,#REF!
KRV Wittmund,Niedersachsen,N,,,,,,,,,,,#REF!
STV Braunschweig,Niedersachsen,N,,,,,,,,,,,#REF!
STV Salzgitter,Niedersachsen,N,,,,,,,,,,,#REF!
KRV Goslar,Niedersachsen,N,,,,,,,,,,,#REF!
KRV Helmstedt,Niedersachsen,N,,,,,,,,,,,#REF!
KRV Wolfenbüttel,Niedersachsen,N,,,,,,,,,,,#REF!
STV Delmenhorst,Niedersachsen,N,,,,,,,,,,,#REF!
STV Oldenburg,Niedersachsen,N,,,,,,,,,,,#REF!
STV Wilhelmshaven,Niedersachsen,N,,,,,,,,,,,#REF!
KRV Ammerland,Niedersachsen,N,,,,,,,,,,,#REF!
KRV Cloppenburg,Niedersachsen,N,,,,,,,,,,,#REF!
KRV Friesland,Niedersachsen,N,,,,,,,,,,,#REF!
LKR Oldenburg,Niedersachsen,N,,,,,,,,,,,#REF!
LKR Vechta,Niedersachsen,N,,,,,,,,,,,#REF!
LK Wesermarsch,Niedersachsen,N,,,,,,,,,,,#REF!
ABH Landkreis Cuxhaven,Niedersachsen,N,,,,,,,,,,,#REF!
KRV Emsland,Niedersachsen,N,,,,,,,,,,,#REF!
Bezirksregierung Arnsberg,Nordrhein-Westfalen,N,,,,,,,,,,,#REF!
ABH Stadt Elsdorf,Nordrhein-Westfalen,N,,,,,,,,,,,#REF!
STV Dormagen,Nordrhein-Westfalen,N,,,,,,,,,,,#REF!
STV Wesel,Nordrhein-Westfalen,N,,,,,,,,,,,#REF!
ZAB und EAE Bielefeld,Nordrhein-Westfalen,N,,,,,,,,,,,#REF!
STV Kerpen,Nordrhein-Westfalen,N,,,,,,,,,,,#REF!
STV Bergheim,Nordrhein-Westfalen,N,,,,,,,,,,,#REF!
StädteRegion Aachen,Nordrhein-Westfalen,N,,,,,,,,,,,#REF!
KRV Düren,Nordrhein-Westfalen,N,,,,,,,,,,,#REF!
STV Troisdorf,Nordrhein-Westfalen,N,,,,,,,,,,,#REF!
KRV Heinsberg,Nordrhein-Westfalen,N,,,,,,,,,,,#REF!
STV Bochum,Nordrhein-Westfalen,N,,,,,,,,,,,#REF!
STV Castrop-Rauxel,Nordrhein-Westfalen,N,,,,,,,,,,,#REF!
STV Dortmund,Nordrhein-Westfalen,N,,,,,,,,,,,#REF!
STV Hagen,Nordrhein-Westfalen,N,,,,,,,,,,,#REF!
Stadt Hamm Ausländer- und Flüchtlingsamt,Nordrhein-Westfalen,N,,,,,,,,,,,#REF!
STV Herne,Nordrhein-Westfalen,N,,,,,,,,,,,#REF!
STV Iserlohn,Nordrhein-Westfalen,N,,,,,,,,,,,#REF!
STV Lünen,Nordrhein-Westfalen,N,,,,,,,,,,,#REF!
STV Witten,Nordrhein-Westfalen,N,,,,,,,,,,,#REF!
KRV Märkischer Kreis,Nordrhein-Westfalen,N,,,,,,,,,,,#REF!
KRV Ennepe-Ruhr-Kreis,Nordrhein-Westfalen,N,,,,,,,,,,,#REF!
KRV Hochsauerlandkreis,Nordrhein-Westfalen,N,,,,,,,,,,,#REF!
KRV Olpe,Nordrhein-Westfalen,N,,,,,,,,,,,#REF!
KRV Siegen-Wittgenstein,Nordrhein-Westfalen,N,,,,,,,,,,,#REF!
KRV Soest,Nordrhein-Westfalen,N,,,,,,,,,,,#REF!
KRV Unna,Nordrhein-Westfalen,N,,,,,,,,,,,#REF!
ZAB Kreis Unna,Nordrhein-Westfalen,N,,,,,,,,,,,#REF!
STV Bielefeld,Nordrhein-Westfalen,N,,,,,,,,,,,#REF!
STV Herford,Nordrhein-Westfalen,N,,,,,,,,,,,#REF!
KRV Lippe,Nordrhein-Westfalen,N,,,,,,,,,,,#REF!
KRV Herford,Nordrhein-Westfalen,N,,,,,,,,,,,#REF!
KRV Höxter,Nordrhein-Westfalen,N,,,,,,,,,,,#REF!
KRV Minden-Lübbecke,Nordrhein-Westfalen,N,,,,,,,,,,,#REF!
KRV Paderborn,Nordrhein-Westfalen,N,,,,,,,,,,,#REF!
KRV Gütersloh,Nordrhein-Westfalen,N,,,,,,,,,,,#REF!
STV Düsseldorf,Nordrhein-Westfalen,N,,,,,,,,,,,#REF!
STV Duisburg,Nordrhein-Westfalen,N,,,,,,,,,,,#REF!
ABH Stadt Essen,Nordrhein-Westfalen,N,,,,,,,,,,,#REF!
ZAB Essen,Nordrhein-Westfalen,N,,,,,,,,,,,#REF!
STV Krefeld,Nordrhein-Westfalen,N,,,,,,,,,,,#REF!
STV Leverkusen,Nordrhein-Westfalen,N,,,,,,,,,,,#REF!
STV Mönchengladbach,Nordrhein-Westfalen,N,,,,,,,,,,,#REF!
BezReg Münster RRK,Nordrhein-Westfalen,N,,,,,,,,,,,#REF!
STV Mülheim/Ruhr,Nordrhein-Westfalen,N,,,,,,,,,,,#REF!
Integrationsamt Neuss,Nordrhein-Westfalen,N,,,,,,,,,,,#REF!
STV Oberhausen,Nordrhein-Westfalen,N,,,,,,,,,,,#REF!
STV Remscheid,Nordrhein-Westfalen,N,,,,,,,,,,,#REF!
STV Solingen,Nordrhein-Westfalen,N,,,,,,,,,,,#REF!
STV Viersen,Nordrhein-Westfalen,N,,,,,,,,,,,#REF!
STV Wuppertal,Nordrhein-Westfalen,N,,,,,,,,,,,#REF!
KRV Mettmann,Nordrhein-Westfalen,N,,,,,,,,,,,#REF!
Rhein-Kreis Neuss,Nordrhein-Westfalen,N,,,,,,,,,,,#REF!
KRV Viersen,Nordrhein-Westfalen,N,,,,,,,,,,,#REF!
KRV Kleve,Nordrhein-Westfalen,N,,,,,,,,,,,#REF!
KRV Wesel,Nordrhein-Westfalen,N,,,,,,,,,,,#REF!
STV Bonn,Nordrhein-Westfalen,N,,,,,,,,,,,#REF!
STV Köln,Nordrhein-Westfalen,N,,,,,,,,,,,#REF!
ZAB Köln,Nordrhein-Westfalen,N,,,,,,,,,,,#REF!
Bezirksregierung Köln,Nordrhein-Westfalen,N,,,,,,,,,,,#REF!
Bezirksregierung Köln ZFE,Nordrhein-Westfalen,N,,,,,,,,,,,#REF!
KRV Rhein-Erft-Kreis,Nordrhein-Westfalen,N,,,,,,,,,,,#REF!
KRV Euskirchen,Nordrhein-Westfalen,N,,,,,,,,,,,#REF!
KRV Oberbergischer Kreis,Nordrhein-Westfalen,N,,,,,,,,,,,#REF!
KRV Rheinisch-Bergischer Kreis,Nordrhein-Westfalen,N,,,,,,,,,,,#REF!
KRV Rhein-Sieg-Kreis,Nordrhein-Westfalen,N,,,,,,,,,,,#REF!
STV Bocholt,Nordrhein-Westfalen,N,,,,,,,,,,,#REF!
STV Bottrop,Nordrhein-Westfalen,N,,,,,,,,,,,#REF!
STV Gelsenkirchen,Nordrhein-Westfalen,N,,,,,,,,,,,#REF!
STV Gladbeck,Nordrhein-Westfalen,N,,,,,,,,,,,#REF!
STV Münster,Nordrhein-Westfalen,N,,,,,,,,,,,#REF!
STV Recklinghausen,Nordrhein-Westfalen,N,,,,,,,,,,,#REF!
KRV Borken,Nordrhein-Westfalen,N,,,,,,,,,,,#REF!
KRV Coesfeld,Nordrhein-Westfalen,N,,,,,,,,,,,#REF!
ZAB Coesfeld,Nordrhein-Westfalen,N,,,,,,,,,,,#REF!
KRV Recklinghausen,Nordrhein-Westfalen,N,,,,,,,,,,,#REF!
KRV Steinfurt,Nordrhein-Westfalen,N,,,,,,,,,,,#REF!
KRV Warendorf,Nordrhein-Westfalen,N,,,,,,,,,,,#REF!
STV Arnsberg,Nordrhein-Westfalen,N,,,,,,,,,,,#REF!
STV Lippstadt,Nordrhein-Westfalen,N,,,,,,,,,,,#REF!
STV Siegen,Nordrhein-Westfalen,N,,,,,,,,,,,#REF!
STV Detmold,Nordrhein-Westfalen,N,,,,,,,,,,,#REF!
BezReg Detmold RRK,Nordrhein-Westfalen,N,,,,,,,,,,,#REF!
STV Gütersloh,Nordrhein-Westfalen,N,,,,,,,,,,,#REF!
STV Minden,Nordrhein-Westfalen,N,,,,,,,,,,,#REF!
STV Paderborn,Nordrhein-Westfalen,N,,,,,,,,,,,#REF!
STV Moers,Nordrhein-Westfalen,N,,,,,,,,,,,#REF!
STV Dorsten,Nordrhein-Westfalen,N,,,,,,,,,,,#REF!
STV Herten,Nordrhein-Westfalen,N,,,,,,,,,,,#REF!
STV Marl,Nordrhein-Westfalen,N,,,,,,,,,,,#REF!
STV Rheine,Nordrhein-Westfalen,N,,,,,,,,,,,#REF!
Bezirksregierung Düsseldorf,Nordrhein-Westfalen,N,,,,,,,,,,,#REF!
STV Dinslaken,Nordrhein-Westfalen,N,,,,,,,,,,,#REF!
STV Ludwigshafen,Rheinland-Pfalz,N,,,,,,,,,,,#REF!
STV Frankenthal,Rheinland-Pfalz,N,,,,,,,,,,,#REF!
STV Kaiserslautern,Rheinland-Pfalz,N,,,,,,,,,,,#REF!
ZABH für Fachkräfteeinwanderung Rheinland-Pfalz,Rheinland-Pfalz,N,,,,,,,,,,,#REF!
STV Landau,Rheinland-Pfalz,N,,,,,,,,,,,#REF!
STV Neustadt/Weinstraße,Rheinland-Pfalz,N,,,,,,,,,,,#REF!
STV Pirmasens,Rheinland-Pfalz,N,,,,,,,,,,,#REF!
STV Speyer,Rheinland-Pfalz,N,,,,,,,,,,,#REF!
ABH Stadt Speyer Außenstelle LEA,Rheinland-Pfalz,N,,,,,,,,,,,#REF!
STV Zweibrücken,Rheinland-Pfalz,N,,,,,,,,,,,#REF!
KRV Bad Dürkheim,Rheinland-Pfalz,N,,,,,,,,,,,#REF!
KRV Germersheim,Rheinland-Pfalz,N,,,,,,,,,,,#REF!
KRV Kaiserslautern,Rheinland-Pfalz,N,,,,,,,,,,,#REF!
KRV Donnersbergkreis,Rheinland-Pfalz,N,,,,,,,,,,,#REF!
ABH Kusel (Standort KRV Kusel),Rheinland-Pfalz,N,,,,,,,,,,,#REF!
ABH Kusel (Standort AfA Kusel),Rheinland-Pfalz,N,,,,,,,,,,,#REF!
KRV Südliche Weinstraße,Rheinland-Pfalz,N,,,,,,,,,,,#REF!
KRV Rhein-Pfalz-Kreis,Rheinland-Pfalz,N,,,,,,,,,,,#REF!
KRV Südwestpfalz,Rheinland-Pfalz,N,,,,,,,,,,,#REF!
STV Koblenz,Rheinland-Pfalz,N,,,,,,,,,,,#REF!
KRV Ahrweiler,Rheinland-Pfalz,N,,,,,,,,,,,#REF!
KRV Altenkirchen,Rheinland-Pfalz,N,,,,,,,,,,,#REF!
KRV Birkenfeld,Rheinland-Pfalz,N,,,,,,,,,,,#REF!
KRV Cochem-Zell,Rheinland-Pfalz,N,,,,,,,,,,,#REF!
KRV Mayen-Koblenz,Rheinland-Pfalz,N,,,,,,,,,,,#REF!
KRV Bad Kreuznach,Rheinland-Pfalz,N,,,,,,,,,,,#REF!
KRV Neuwied,Rheinland-Pfalz,N,,,,,,,,,,,#REF!
ABH Rhein-Hunsrück-Kreis,Rheinland-Pfalz,N,,,,,,,,,,,#REF!
ABH Rhein-Hunsrück-Kreis (Standort AfA Hahn),Rheinland-Pfalz,N,,,,,,,,,,,#REF!
STV Mainz,Rheinland-Pfalz,N,,,,,,,,,,,#REF!
STV Worms,Rheinland-Pfalz,N,,,,,,,,,,,#REF!
KRV Alzey-Worms,Rheinland-Pfalz,N,,,,,,,,,,,#REF!
KRV Mainz-Bingen,Rheinland-Pfalz,N,,,,,,,,,,,#REF!
KRV Westerwaldkreis,Rheinland-Pfalz,N,,,,,,,,,,,#REF!
KRV Rhein-Lahn-Kreis,Rheinland-Pfalz,N,,,,,,,,,,,#REF!
STV Trier (ABH Thyrsusstraße),Rheinland-Pfalz,N,,,,,,,,,,,#REF!
STV Trier (ABH Außenstelle),Rheinland-Pfalz,N,,,,,,,,,,,#REF!
ABH Bitburg-Prüm (Trierer Str),Rheinland-Pfalz,N,,,,,,,,,,,#REF!
ABH Bitburg-Prüm (AfA),Rheinland-Pfalz,N,,,,,,,,,,,#REF!
KRV Vulkaneifel,Rheinland-Pfalz,N,,,,,,,,,,,#REF!
KRV Trier-Saarburg,Rheinland-Pfalz,N,,,,,,,,,,,#REF!
LK Trier-Saarburg AfA,Rheinland-Pfalz,N,,,,,,,,,,,#REF!
KRV Bernkastel-Wittlich,Rheinland-Pfalz,N,,,,,,,,,,,#REF!
ZAB Lebach,Saarland,N,,,,,,,,,,,#REF!
LRA Bautzen,Sachsen,N,,,,,,,,,,,#REF!
STV Dresden,Sachsen,N,,,,,,,,,,,#REF!
LRA Meißen,Sachsen,N,,,,,,,,,,,#REF!
LKR Görlitz,Sachsen,N,,,,,,,,,,,#REF!
LRA Sächs. Schweiz-Osterzgeb.,Sachsen,N,,,,,,,,,,,#REF!
Landkreis Leipzig,Sachsen,N,,,,,,,,,,,#REF!
Stadt Leipzig,Sachsen,N,,,,,,,,,,,#REF!
LKR Nordsachsen,Sachsen,N,,,,,,,,,,,#REF!
LRA Erzgebirgskreis,Sachsen,N,,,,,,,,,,,#REF!
LKR Mittelsachsen,Sachsen,N,,,,,,,,,,,#REF!
Landratsamt Zwickau,Sachsen,N,,,,,,,,,,,#REF!
STV Chemnitz,Sachsen,N,,,,,,,,,,,#REF!
ZAB Chemnitz,Sachsen,N,,,,,,,,,,,#REF!
EAE Dresden,Sachsen,N,,,,,,,,,,,#REF!
EAE Chemnitz,Sachsen,N,,,,,,,,,,,#REF!
EAE Leipzig,Sachsen,N,,,,,,,,,,,#REF!
LRA Vogtlandkreis,Sachsen,N,,,,,,,,,,,#REF!
LKR Harz-Außenstelle ZASt,Sachsen-Anhalt,N,,,,,,,,,,,#REF!
LKR Jerichower Land,Sachsen-Anhalt,N,,,,,,,,,,,
LKR Harz,Sachsen-Anhalt,N,,,,,,,,,,,
LKR Börde,Sachsen-Anhalt,N,,,,,,,,,,,
LHS Magdeburg,Sachsen-Anhalt,N,,,,,,,,,,,
LKR Altmarkkreis Salzwedel,Sachsen-Anhalt,N,,,,,,,,,,,
LRA Stendal Hauptstandort,Sachsen-Anhalt,N,,,,,,,,,,,
LRA Stendal Nebenstandort in der Landeserstaufnahmeeinrichtung Stendal,Sachsen-Anhalt,N,,,,,,,,,,,
Salzlandkreis,Sachsen-Anhalt,N,,,,,,,,,,,
STV Dessau-Roßlau,Sachsen-Anhalt,N,,,,,,,,,,,
STV Halle,Sachsen-Anhalt,N,,,,,,,,,,,
LKR Anhalt - Bitterfeld,Sachsen-Anhalt,N,,,,,,,,,,,
LKR Saalekreis,Sachsen-Anhalt,N,,,,,,,,,,,
Burgenlandkreis,Sachsen-Anhalt,N,,,,,,,,,,,
LKR Mansfeld - Südharz,Sachsen-Anhalt,N,,,,,,,,,,,
LKR Wittenberg,Sachsen-Anhalt,N,,,,,,,,,,,
Zentrale Abschiebestelle des Landes Sachsen-Anhalt,Sachsen-Anhalt,N,,,,,,,,,,,
SMD ABH Sachsen-Anhalt,Sachsen-Anhalt,N,,,,,,,,,,,
LaZuF - LUK Boostedt,Schleswig-Holstein,N,,,,,,,,,,,
LaZuF - LUK Rendsburg,Schleswig-Holstein,N,,,,,,,,,,,
LaZuF - LUK Bad Segeberg,Schleswig-Holstein,N,,,,,,,,,,,
LaZuF - LUK Seeth,Schleswig-Holstein,N,,,,,,,,,,,
LaZuF - LUK Glücksstadt,Schleswig-Holstein,N,,,,,,,,,,,
LaZuF - LUK Kiel,Schleswig-Holstein,N,,,,,,,,,,,
LaZuf - LUK Fahrenkrug,Schleswig-Holstein,N,,,,,,,,,,,
STV Flensburg,Schleswig-Holstein,N,,,,,,,,,,,
LHS Kiel,Schleswig-Holstein,N,,,,,,,,,,,
STV Neumünster,Schleswig-Holstein,N,,,,,,,,,,,
STV Lübeck,Schleswig-Holstein,N,,,,,,,,,,,
KRV Ostholstein,Schleswig-Holstein,N,,,,,,,,,,,
KRV Nordfriesland,Schleswig-Holstein,N,,,,,,,,,,,
KRV Herzogtum Lauenburg,Schleswig-Holstein,N,,,,,,,,,,,
KRV Dithmarschen,Schleswig-Holstein,N,,,,,,,,,,,
KRV Pinneberg,Schleswig-Holstein,N,,,,,,,,,,,
KRV Plön,Schleswig-Holstein,N,,,,,,,,,,,
KRV Rendsburg-Eckernfoerde,Schleswig-Holstein,N,,,,,,,,,,,
KRV Schleswig-Flensburg,Schleswig-Holstein,N,,,,,,,,,,,
KRV Segeberg,Schleswig-Holstein,N,,,,,,,,,,,
KRV Steinburg,Schleswig-Holstein,N,,,,,,,,,,,
KRV Stormarn,Schleswig-Holstein,N,,,,,,,,,,,
LaZuF - Neumünster,Schleswig-Holstein,N,,,,,,,,,,,
LaZuF - ZSFE,Schleswig-Holstein,N,,,,,,,,,,,
LaZuF - LZF 34,Schleswig-Holstein,N,,,,,,,,,,,
Clearingstelle Thüringer Landesverwaltungsamt,Thüringen,N,,,,,,,,,,,
LRA Weimarer Land,Thüringen,N,,,,,,,,,,,
STV Erfurt,Thüringen,N,,,,,,,,,,,
LRA Gotha,Thüringen,N,,,,,,,,,,,
LRA Unstrut-Hainich-Kreis,Thüringen,N,,,,,,,,,,,
LRA Nordhausen,Thüringen,N,,,,,,,,,,,
LRA Sömmerda,Thüringen,N,,,,,,,,,,,
LRA Kyffhäuserkreis,Thüringen,N,,,,,,,,,,,
STV Weimar,Thüringen,N,,,,,,,,,,,
LRA Eichsfeld,Thüringen,N,,,,,,,,,,,
LRA Saale-Holzland-Kreis,Thüringen,N,,,,,,,,,,,
STV Gera,Thüringen,N,,,,,,,,,,,
LRA Greiz,Thüringen,N,,,,,,,,,,,
STV Jena,Thüringen,N,,,,,,,,,,,
LRA Saalfeld-Rudolstadt,Thüringen,N,,,,,,,,,,,
LRA Saale-Orla-Kreis,Thüringen,N,,,,,,,,,,,
STV Suhl / Thüringen,Thüringen,N,,,,,,,,,,,
LRA Wartburgkreis,Thüringen,N,,,,,,,,,,,
LRA Hildburghausen,Thüringen,N,,,,,,,,,,,
LRA Ilm-Kreis,Thüringen,N,,,,,,,,,,,
LRA Schmalkalden-Meiningen,Thüringen,N,,,,,,,,,,,
LRA Sonneberg,Thüringen,N,,,,,,,,,,,
LRA Altenburger Land,Thüringen,N,,,,,,,,,,,
