Name,Stadt,Type,Land,Kontakt,Name
STV Aalen,Aalen,Stadt,Baden-Württemberg,N,
ABH Bad Krozingen,Bad Krozingen,Stadt,Baden-Württemberg,N,
STV Backnang,Backnang,Stadt,Baden-Württemberg,N,
STV Böblingen,Böblingen,Stadt,Baden-Württemberg,N,
STV Esslingen,Esslingen am Neckar,Stadt,Baden-Württemberg,N,
STV Fellbach,Fellbach,Stadt,Baden-Württemberg,N,
BGM Geislingen,Geislingen,Stadt,Baden-Württemberg,N,
STV Göppingen,Göppingen,Stadt,Baden-Württemberg,N,
STV Heidenheim,Heidenheim,Stadt,Baden-Württemberg,N,
STV Heilbronn,Heilbronn,Stadt,Baden-Württemberg,N,
BGM Kirchheim unter Teck,Kirchheim unter Teck,Stadt,Baden-Württemberg,N,
STV Kornwestheim,Kornwestheim,Stadt,Baden-Württemberg,N,
STV Leonberg,Leonberg,Stadt,Baden-Württemberg,N,
STV Ludwigsburg,Ludwigsburg,Stadt,Baden-Württemberg,N,
STV Nürtingen,Nürtingen,Stadt,Baden-Württemberg,N,
STV Schwäbisch Gmünd,Schwäbisch Gmünd,Stadt,Baden-Württemberg,N,
STV Schwäbisch Hall,Schwäbisch Hall,Stadt,Baden-Württemberg,N,
STV Sindelfingen,Sindelfingen,Stadt,Baden-Württemberg,N,
STV Ulm,Ulm,Stadt,Baden-Württemberg,N,
LHS Stuttgart,Stuttgart,Stadt,Baden-Württemberg,N,
STV Waiblingen,Waiblingen,Stadt,Baden-Württemberg,N,
LRA Ostalbkreis,Ostalbkreis,Landkreis,Baden-Württemberg,N,
STV Herrenberg,Herrenberg,Stadt,Baden-Württemberg,N,
BGM Stutensee,Stutensee,Stadt,Baden-Württemberg,N,
LRA Böblingen,Böblingen,Stadt,Baden-Württemberg,N,
LRA Esslingen,Esslingen am Neckar,Stadt,Baden-Württemberg,N,
LRA Göppingen,Göppingen,Stadt,Baden-Württemberg,N,
LRA Heidenheim,Heidenheim,Stadt,Baden-Württemberg,N,
LRA Heilbronn,Heilbronn,Stadt,Baden-Württemberg,N,
LRA Hohenlohekreis,Hohenlohekreis,Landkreis,Baden-Württemberg,N,
LRA Ludwigsburg,Ludwigsburg,Stadt,Baden-Württemberg,N,
RP Stuttgart,Stuttgart,Stadt,Baden-Württemberg,N,
LEA Ellwangen,Ellwangen,Stadt,Baden-Württemberg,N,
RP Stuttgart - LZF,Stuttgart,Stadt,Baden-Württemberg,N,
RP Tübingen (15.2 ABH),Tübingen,Stadt,Baden-Württemberg,N,
LRA Schwäbisch Hall,Schwäbisch Hall,Stadt,Baden-Württemberg,N,
LRA Alb-Donau Kreis in Ulm,Alb-Donau-Kreis,Stadt,Baden-Württemberg,N,
LRA Alb-Donau-Kreis in Ehingen,Alb-Donau-Kreis in Ehingen,Landkreis,Baden-Württemberg,N,
LRA Rems-Murr-Kreis,Rems-Murr-Kreis,Landkreis,Baden-Württemberg,N,
STV Bruchsal,Bruchsal,Stadt,Baden-Württemberg,N,
STV Ettlingen,Ettlingen,Stadt,Baden-Württemberg,N,
STV Heidelberg,Heidelberg,Stadt,Baden-Württemberg,N,
STV Karlsruhe,Karlsruhe,Stadt,Baden-Württemberg,N,
Stadt Mannheim,Mannheim,Stadt,Baden-Württemberg,N,
STV Pforzheim,Pforzheim,Stadt,Baden-Württemberg,N,
STV Weinheim,Weinheim,Stadt,Baden-Württemberg,N,
STV Waldkirch,Waldkirch,Stadt,Baden-Württemberg,N,
LRA Rhein-Neckar-Kreis,Rhein-Neckar-Kreis,Landkreis,Baden-Württemberg,N,
LRA Karlsruhe,Karlsruhe,Stadt,Baden-Württemberg,N,
LRA Neckar-Odenw.Kreis,Neckar-Odenw.Kreis,Landkreis,Baden-Württemberg,N,
LRA Enzkreis,Enzkreis,Landkreis,Baden-Württemberg,N,
STV Achern,Achern,Stadt,Baden-Württemberg,N,
LRA Main-Tauber-Kreis,Main-Tauber-Kreis,Landkreis,Baden-Württemberg,N,
STV Baden-Baden,Baden-Baden,Stadt,Baden-Württemberg,N,
STV Freiburg,Freiburg,Stadt,Baden-Württemberg,N,
STV Konstanz,Konstanz,Stadt,Baden-Württemberg,N,
STV Lahr,Lahr,Stadt,Baden-Württemberg,N,
STV Lörrach,Lörrach,Stadt,Baden-Württemberg,N,
BGM Offenburg,Offenburg,Stadt,Baden-Württemberg,N,
STV Rastatt,Rastatt,Stadt,Baden-Württemberg,N,
STV Singen,Singen,Stadt,Baden-Württemberg,N,
STV Villingen-Schwenningen,Villingen-Schwenningen,Stadt,Baden-Württemberg,N,
LRA Emmendingen,Emmendingen,Stadt,Baden-Württemberg,N,
LRA Breisgau/Hochschwarzwald,Breisgau-Hochschwarzwald,Stadt,Baden-Württemberg,N,
LRA Konstanz,Konstanz,Stadt,Baden-Württemberg,N,
STV Leimen,Leimen,Stadt,Baden-Württemberg,N,
LRA Lörrach,Lörrach,Stadt,Baden-Württemberg,N,
RP Tübingen (15.1 ABH),Tübingen,Stadt,Baden-Württemberg,N,
RP Freiburg (Höhere Ausländerbehörde),Freiburg,Stadt,Baden-Württemberg,N,
RP Freiburg (LEA Ausländerbehörde),Freiburg im Breisgau,Stadt,Baden-Württemberg,N,
LRA Ortenaukreis,Ortenaukreis,Landkreis,Baden-Württemberg,N,
LRA Rastatt,Rastatt,Stadt,Baden-Württemberg,N,
RP Karlsruhe,Karlsruhe,Stadt,Baden-Württemberg,N,
EAE Karlsruhe,Karlsruhe,Stadt,Baden-Württemberg,N,
RP Karlsruhe - LZF,Karlsruhe,Stadt,Baden-Württemberg,N,
LRA Schwarzwald-Baar-Kreis,Schwarzwald-Baar-Kreis,Landkreis,Baden-Württemberg,N,
LRA Waldshut,Waldshut,Stadt,Baden-Württemberg,N,
Stadt Leutkirch im Allgäu,Leutkirch im Allgäu,Stadt,Baden-Württemberg,N,
STV Biberach a.d.Riß,Biberach a.d.Ri,Stadt,Baden-Württemberg,N,
STV Albstadt,Albstadt,Stadt,Baden-Württemberg,N,
STV Friedrichshafen,Friedrichshafen,Stadt,Baden-Württemberg,N,
STV Ravensburg,Ravensburg,Stadt,Baden-Württemberg,N,
STV Reutlingen,Reutlingen,Stadt,Baden-Württemberg,N,
STV Tübingen,Tübingen,Stadt,Baden-Württemberg,N,
STV Tuttlingen,Tuttlingen,Stadt,Baden-Württemberg,N,
LRA Zollernalbkreis,Zollernalbkreis,Landkreis,Baden-Württemberg,N,
LRA Biberach,Biberach,Stadt,Baden-Württemberg,N,
LRA Calw,Calw,Stadt,Baden-Württemberg,N,
STV Öhringen,Öhringen,Stadt,Baden-Württemberg,N,
LRA Freudenstadt,Freudenstadt,Stadt,Baden-Württemberg,N,
STV Balingen,Balingen,Stadt,Baden-Württemberg,N,
STV Ehingen,Ehingen,Stadt,Baden-Württemberg,N,
STV Calw,Calw,Stadt,Baden-Württemberg,N,
LRA Ravensburg,Ravensburg,Stadt,Baden-Württemberg,N,
LRA Reutlingen,Reutlingen,Stadt,Baden-Württemberg,N,
LRA Rottweil,Rottweil,Stadt,Baden-Württemberg,N,
STV Überlingen,Überlingen,Stadt,Baden-Württemberg,N,
LRA Sigmaringen,Sigmaringen,Stadt,Baden-Württemberg,N,
LRA Tübingen,Tübingen,Stadt,Baden-Württemberg,N,
STV Mössingen,Mössingen,Stadt,Baden-Württemberg,N,
LRA Tuttlingen,Tuttlingen,Stadt,Baden-Württemberg,N,
STV Weingarten,Weingarten,Stadt,Baden-Württemberg,N,
STV Schwetzingen,Schwetzingen,Stadt,Baden-Württemberg,N,
STV Donaueschingen,Donaueschingen,Stadt,Baden-Württemberg,N,
STV Bad Rappenau,Bad Rappenau,Stadt,Baden-Württemberg,N,
ABH Remseck a. N.,Remseck a,Stadt,Baden-Württemberg,N,
STV Oberkirch,Oberkirch,Stadt,Baden-Württemberg,N,
BGM Eppingen,Eppingen,Stadt,Baden-Württemberg,N,
STV Giengen,Giengen,Stadt,Baden-Württemberg,N,
STV Hockenheim,Hockenheim,Stadt,Baden-Württemberg,N,
STV Kehl,Kehl,Stadt,Baden-Württemberg,N,
BGM Weil am Rhein,Weil am Rhein,Stadt,Baden-Württemberg,N,
STV Crailsheim,Crailsheim,Stadt,Baden-Württemberg,N,
STV Schramberg,Schramberg,Stadt,Baden-Württemberg,N,
BGM Ellwangen,Ellwangen,Stadt,Baden-Württemberg,N,
STV Rottenburg,Rottenburg,Stadt,Baden-Württemberg,N,
BGM Bretten,Bretten,Stadt,Baden-Württemberg,N,
BGM Radolfzell,Radolfzell,Stadt,Baden-Württemberg,N,
ABH Stadt Rheinfelden,Stadt Rheinfelden,Stadt,Baden-Württemberg,N,
STV Bad Mergentheim,Bad Mergentheim,Stadt,Baden-Württemberg,N,
STV Wertheim,Wertheim,Stadt,Baden-Württemberg,N,
STV Leinfelden-Echterdingen,Leinfelden-Echterdingen,Stadt,Baden-Württemberg,N,
STV Filderstadt,Filderstadt,Stadt,Baden-Württemberg,N,
STV Ostfildern,Ostfildern,Stadt,Baden-Württemberg,N,
STV Mosbach,Mosbach,Stadt,Baden-Württemberg,N,
BGM Gaggenau,Gaggenau,Stadt,Baden-Württemberg,N,
STV Rottweil,Rottweil,Stadt,Baden-Württemberg,N,
BGM Schorndorf,Schorndorf,Stadt,Baden-Württemberg,N,
BGM Bietigheim-Bissingen,Bietigheim-Bissingen,Stadt,Baden-Württemberg,N,
LRA Bodenseekreis,Bodenseekreis,Landkreis,Baden-Württemberg,N,
STV Neckarsulm,Neckarsulm,Stadt,Baden-Württemberg,N,
STV Mühlacker,Mühlacker,Stadt,Baden-Württemberg,N,
STV Vaihingen,Vaihingen,Stadt,Baden-Württemberg,N,
STV Winnenden,Winnenden,Stadt,Baden-Württemberg,N,
STV Bühl,Bühl,Stadt,Baden-Württemberg,N,
BGM Sinsheim,Sinsheim,Stadt,Baden-Württemberg,N,
STV Wiesloch,Wiesloch,Stadt,Baden-Württemberg,N,
BGM Emmendingen,Emmendingen,Stadt,Baden-Württemberg,N,
STV Wangen,Wangen,Stadt,Baden-Württemberg,N,
STV Waldshut-Tiengen,Waldshut-Tiengen,Stadt,Baden-Württemberg,N,
STV Ditzingen,Ditzingen,Stadt,Baden-Württemberg,N,
STV Weinstadt,Weinstadt,Stadt,Baden-Württemberg,N,
BGM Horb a.N.,Horb a,Stadt,Baden-Württemberg,N,
STV Nagold,Nagold,Stadt,Baden-Württemberg,N,
BGM Freudenstadt,Freudenstadt,Stadt,Baden-Württemberg,N,
STV Metzingen,Metzingen,Stadt,Baden-Württemberg,N,
Stadtverwaltung Waghäusel,Waghäusel,Stadt,Baden-Württemberg,N,
Stadt Laupheim,Laupheim,Stadt,Baden-Württemberg,N,
Regierung von Unterfranken,von Unterfranken,Stadt,Bayern,N,
STV Ingolstadt,Ingolstadt,Stadt,Bayern,N,
LH München,München,Stadt,Bayern,N,
STV Rosenheim,Rosenheim,Stadt,Bayern,N,
LRA Altötting,Altötting,Stadt,Bayern,N,
LRA Bad Tölz,Bad Tölz,Stadt,Bayern,N,
LRA Dachau,Dachau,Stadt,Bayern,N,
LRA Ebersberg,Ebersberg,Stadt,Bayern,N,
LRA Erding,Erding,Stadt,Bayern,N,
LRA Freising,Freising,Stadt,Bayern,N,
LRA Fürstenfeldbruck,Fürstenfeldbruck,Stadt,Bayern,N,
LRA Garmisch-Partenkirchen,Garmisch-Partenkirchen,Stadt,Bayern,N,
LRA Landsberg,Landsberg,Stadt,Bayern,N,
LRA Miesbach,Miesbach,Stadt,Bayern,N,
LRA Mühldorf a. Inn,Mühldorf,Stadt,Bayern,N,
LRA München,München,Stadt,Bayern,N,
LRA Pfaffenhofen,Pfaffenhofen,Stadt,Bayern,N,
LRA Rosenheim,Rosenheim,Stadt,Bayern,N,
LRA Starnberg,Starnberg,Stadt,Bayern,N,
LRA Traunstein,Traunstein,Stadt,Bayern,N,
LRA Weilheim-Schongau,Weilheim-Schongau,Stadt,Bayern,N,
LRA Weilheim-Schongau 1,Weilheim-Schongau,Stadt,Bayern,N,
STV Landshut,Landshut,Stadt,Bayern,N,
STV Passau,Passau,Stadt,Bayern,N,
STV Straubing,Straubing,Stadt,Bayern,N,
LRA Deggendorf,Deggendorf,Stadt,Bayern,N,
LRA Kelheim,Kelheim,Stadt,Bayern,N,
ZAB Mittelfranken,Mittelfranken,Stadt,Bayern,N,
ZAB Oberfranken,Oberfranken,Stadt,Bayern,N,
ZAB Oberfranken 2,Oberfranken,Stadt,Bayern,N,
Reg. v. Mfr. Zentr. Stelle f. d. Einwanderung von Fachkräften,v. Mfr. Zentr. Stelle f. d. Einwanderung von Fachkräften,Stadt,Bayern,N,
ABH FA Regierung von Mittelfranken,FA Regierung von Mittelfranken,Stadt,Bayern,N,
ZAB Oberbayern München,Oberbayern München,Stadt,Bayern,N,
ZAB Oberbayern AS: Ingolstadt,Oberbayern AS: Ingolstadt,Stadt,Bayern,N,
LRA Landshut,Landshut,Stadt,Bayern,N,
ZAB Niederbayern,Niederbayern,Stadt,Bayern,N,
LRA Passau,Passau,Stadt,Bayern,N,
LRA Regen,Regen,Stadt,Bayern,N,
STV Amberg,Amberg,Stadt,Bayern,N,
Stadt Regensburg,Regensburg,Stadt,Bayern,N,
STV Weiden,Weiden,Stadt,Bayern,N,
LRA Amberg-Sulzbach,Amberg-Sulzbach,Stadt,Bayern,N,
LRA Cham,Cham,Stadt,Bayern,N,
LRA Neumarkt i.d. OPf.,Neumarkt in der Oberpfalz,Stadt,Bayern,N,
LRA Neustadt/Waldnaab,Neustadt an der Waldnaab,Stadt,Bayern,N,
LRA Regensburg,Regensburg,Stadt,Bayern,N,
LRA Tirschenreuth,Tirschenreuth,Stadt,Bayern,N,
STV Bamberg,Bamberg,Stadt,Bayern,N,
STV Bayreuth,Bayreuth,Stadt,Bayern,N,
STV Coburg,Coburg,Stadt,Bayern,N,
STV Hof,Hof,Stadt,Bayern,N,
LRA Bamberg,Bamberg,Stadt,Bayern,N,
LRA Bayreuth,Bayreuth,Stadt,Bayern,N,
LRA Coburg,Coburg,Stadt,Bayern,N,
LRA Forchheim,Forchheim,Stadt,Bayern,N,
LRA Hof,Hof,Stadt,Bayern,N,
LRA Kronach,Kronach,Stadt,Bayern,N,
LRA Kulmbach,Kulmbach,Stadt,Bayern,N,
LRA Lichtenfels,Lichtenfels,Stadt,Bayern,N,
LRA Wunsiedel i.F.,Wunsiedel i,Stadt,Bayern,N,
STV Ansbach,Ansbach,Stadt,Bayern,N,
STV Erlangen,Erlangen,Stadt,Bayern,N,
STV Fürth,Fürth,Stadt,Bayern,N,
STV Nürnberg,Nürnberg,Stadt,Bayern,N,
STV Schwabach,Schwabach,Stadt,Bayern,N,
LRA Ansbach,Ansbach,Stadt,Bayern,N,
LRA Erlangen-Höchstadt,Erlangen-Höchstadt,Stadt,Bayern,N,
LRA Fürth,Fürth,Stadt,Bayern,N,
LRA Nürnberger Land,Nürnberger Land,Stadt,Bayern,N,
LRA Neustadt / Bad Windsheim,Neustadt (Aisch)-Bad Windsheim,Stadt,Bayern,N,
LRA Weißenburg-Gunzenhausen,Weißenburg-Gunzenhausen,Stadt,Bayern,N,
STV Aschaffenburg,Aschaffenburg,Stadt,Bayern,N,
STV Schweinfurt,Schweinfurt,Stadt,Bayern,N,
STV Würzburg,Würzburg,Stadt,Bayern,N,
LRA Aschaffenburg,Aschaffenburg,Stadt,Bayern,N,
LRA Bad Kissingen,Bad Kissingen,Stadt,Bayern,N,
LRA Rhön-Grabfeld,Rhön-Grabfeld,Stadt,Bayern,N,
LRA Kitzingen,Kitzingen,Stadt,Bayern,N,
LRA Miltenberg,Miltenberg,Stadt,Bayern,N,
LRA Schweinfurt,Schweinfurt,Stadt,Bayern,N,
ZAB Unterfranken,Unterfranken,Stadt,Bayern,N,
LRA Würzburg,Würzburg,Stadt,Bayern,N,
STV Augsburg,Augsburg,Stadt,Bayern,N,
STV Kaufbeuren,Kaufbeuren,Stadt,Bayern,N,
STV Kempten,Kempten,Stadt,Bayern,N,
STV Memmingen,Memmingen,Stadt,Bayern,N,
LRA Dillingen,Dillingen,Stadt,Bayern,N,
LRA Lindau / Bodensee,Lindau,Stadt,Bayern,N,
LRA Ostallgäu,Ostallgäu,Stadt,Bayern,N,
LRA Unterallgäu,Unterallgäu,Stadt,Bayern,N,
LRA Berchtesgadener Land,Berchtesgadener Land,Stadt,Bayern,N,
LRA Eichstätt,Eichstätt,Stadt,Bayern,N,
LRA Neuburg-Schrobenhausen,Neuburg-Schrobenhausen,Stadt,Bayern,N,
LRA Freyung-Grafenau,Freyung-Grafenau,Stadt,Bayern,N,
LRA Rottal-Inn,Rottal-Inn,Stadt,Bayern,N,
LRA Straubing-Bogen,Straubing-Bogen,Stadt,Bayern,N,
LRA Dingolfing-Landau,Dingolfing-Landau,Stadt,Bayern,N,
LRA Schwandorf,Schwandorf,Stadt,Bayern,N,
LRA Roth,Roth,Stadt,Bayern,N,
LRA Haßberge,Haßberge,Stadt,Bayern,N,
LRA Main-Spessart-Kreis,Main-Spessart-Kreis,Landkreis,Bayern,N,
LRA Aichach-Friedberg,Aichach-Friedberg,Stadt,Bayern,N,
LRA Augsburg,Augsburg,Stadt,Bayern,N,
LRA Günzburg,Günzburg,Stadt,Bayern,N,
LRA Neu-Ulm,Neu-Ulm,Stadt,Bayern,N,
LRA Donau-Ries,Donau-Ries,Stadt,Bayern,N,
LRA Oberallgäu,Oberallgäu,Stadt,Bayern,N,
LfAR Bayern,Bavaria,Stadt,Bayern,N,
LfAR Bayern - Zentralstelle Ausländerextremismus,Bavaria,Stadt,Bayern,N,
Regierung von Oberbayern,von Oberbayern,Stadt,Bayern,N,
ZAB Schwaben Augsburg,Schwaben Augsburg,Stadt,Bayern,N,
ZAB Oberpfalz,Oberpfalz,Stadt,Bayern,N,
LAF Berlin (ABH),Berlin,Stadt,Berlin,N,
LEA Berlin,Berlin,Stadt,Berlin,N,
LRA Potsdam - Mittelmark,Potsdam-Mittelmark,Stadt,Brandenburg,N,
KRV Prignitz,Prignitz,Stadt,Brandenburg,N,
LKR Uckermark,Uckermark,Stadt,Brandenburg,N,
STV Brandenburg,Brandenburg,Stadt,Brandenburg,N,
KRV Teltow-Fläming,Teltow-Fläming,Stadt,Brandenburg,N,
KRV Ostprignitz - Ruppin,Ostprignitz-Ruppin,Stadt,Brandenburg,N,
LKR Oberhavel,Oberhavel,Stadt,Brandenburg,N,
STV Potsdam,Potsdam-Mittelmark,Stadt,Brandenburg,N,
KRV Havelland,Havelland,Stadt,Brandenburg,N,
KRV Oder-Spree,Oder-Spree,Stadt,Brandenburg,N,
LKR Barnim,Barnim,Stadt,Brandenburg,N,
ZABH und EAE Brandenburg,und EAE Brandenburg,Stadt,Brandenburg,N,
STV Frankfurt/Oder,Frankfurt,Stadt,Brandenburg,N,
LKR Märkisch-Oderland,Märkisch-Oderland,Stadt,Brandenburg,N,
STV Schwedt,Schwedt,Stadt,Brandenburg,N,
StV Cottbus,Cottbus,Stadt,Brandenburg,N,
LKR Elbe-Elster,Elbe-Elster,Stadt,Brandenburg,N,
KRV Dahme - Spreewald,Dahme-Spreewald,Stadt,Brandenburg,N,
LKR Oberspreewald-Lausitz,Oberspreewald-Lausitz,Stadt,Brandenburg,N,
ZAST Bremen,Bremen,Stadt,Bremen,N,
STV Bremen,Bremen,Stadt,Bremen,N,
Freie Hansestadt Bremen,Bremen,Stadt,Bremen,N,
STV Bremerhaven,Bremerhaven,Stadt,Bremen,N,
Stadt Hamburg - BIS (Ausländerbehörde),Hamburg,Stadt,Hamburg,N,
ZAB Regierungspräsidium Kassel,Regierungspräsidium Kassel,Stadt,Hessen,N,
ABH Darmstadt,Darmstadt,Stadt,Hessen,N,
OB Frankfurt am Main,Frankfurt,Stadt,Hessen,N,
ABH Frankfurt am Main - Stadtpolizei ,Frankfurt,Stadt,Hessen,N,
ABH STV und KRV Kassel,STV und KRV Kassel,Stadt,Hessen,N,
OB Offenbach am Main,Offenbach am Main,Stadt,Hessen,N,
OB Wiesbaden,Wiesbaden,Stadt,Hessen,N,
STV Gießen,Gießen,Stadt,Hessen,N,
RP Darmstadt,Darmstadt,Stadt,Hessen,N,
LR Kreis Bergstraße,Bergstraße,Stadt,Hessen,N,
LK Darmstadt-Dieburg,Darmstadt-Dieburg,Stadt,Hessen,N,
LR Odenwaldkreis,Odenwaldkreis,Landkreis,Hessen,N,
LR Wetteraukreis,Wetteraukreis,Landkreis,Hessen,N,
LRA Gießen,Gießen,Stadt,Hessen,N,
LR Kreis Groß-Gerau,Groß-Gerau,Stadt,Hessen,N,
LRA Vogelsbergkreis,Vogelsbergkreis,Landkreis,Hessen,N,
LR Kreis Offenbach,Offenbach,Stadt,Hessen,N,
LRA Werra-Meissner-Kreis,Werra-Meissner-Kreis,Landkreis,Hessen,N,
LRA Schwalm-Eder-Kreis,Schwalm-Eder-Kreis,Landkreis,Hessen,N,
LKR Fulda,Fulda,Stadt,Hessen,N,
LRA Hersfeld-Rotenburg,Hersfeld-Rotenburg,Stadt,Hessen,N,
ABH Marburg-Biedenkopf (HS Marburg),Marburg-Biedenkopf (HS Marburg,Stadt,Hessen,N,
LRA Waldeck-Frankenberg,Waldeck-Frankenberg,Stadt,Hessen,N,
LR Main-Kinzig-Kreis,Main-Kinzig-Kreis,Landkreis,Hessen,N,
LRA Limburg-Weilburg,Limburg-Weilburg,Stadt,Hessen,N,
LR Main-Taunus-Kreis,Main-Taunus-Kreis,Landkreis,Hessen,N,
LR Hochtaunuskreis,Hochtaunuskreis,Landkreis,Hessen,N,
LR Rheingau-Taunus-Kreis,Rheingau-Taunus-Kreis,Landkreis,Hessen,N,
LRA Lahn-Dill-Kreis,Lahn-Dill-Kreis,Landkreis,Hessen,N,
STV Wetzlar,Wetzlar,Stadt,Hessen,N,
OB Hanau,Hanau,Stadt,Hessen,N,
OB Bad Homburg v. d. Hoehe,Bad Homburg,Stadt,Hessen,N,
STV Marburg,Marburg,Stadt,Hessen,N,
OB Rüsselsheim am Main,Rüsselsheim am Main,Stadt,Hessen,N,
ZAB Gießen beim RP,Gießen beim,Stadt,Hessen,N,
Stadtamt Hansestadt Rostock,Rostock,Stadt,Mecklenburg-Vorpommern,N,
LKR Rostock,Rostock,Stadt,Mecklenburg-Vorpommern,N,
LKR Vorpommern-Greifswald,Vorpommern-Greifswald,Stadt,Mecklenburg-Vorpommern,N,
LKR Nordwestmecklenburg,Nordwestmecklenburg,Stadt,Mecklenburg-Vorpommern,N,
LAiV Nostorf (ABH),Nostorf,Stadt,Mecklenburg-Vorpommern,N,
LAiV Schwerin-Stern Buchholz (ABH),Schwerin-Stern Buchholz,Stadt,Mecklenburg-Vorpommern,N,
LAiV Schwerin-Stern Buchholz (ZAB f. d. Fachkräfteeinwanderung),Schwerin-Stern Buchholz (ZAB f. d. Fachkräfteeinwanderung,Stadt,Mecklenburg-Vorpommern,N,
LKR Vorpommern-Rügen,Vorpommern-Rügen,Stadt,Mecklenburg-Vorpommern,N,
LKR Ludwigslust - Parchim,Ludwigslust-Parchim,Stadt,Mecklenburg-Vorpommern,N,
STV Schwerin,Schwerin,Stadt,Mecklenburg-Vorpommern,N,
LKR Mecklenburg Seenplatte Neubrandenburg,Mecklenburg Seenplatte Neubrandenburg,Stadt,Mecklenburg-Vorpommern,N,
LAB NI Hauptsitz,NI Hauptsitz,Stadt,Niedersachsen,N,
LAB NI Ausländerrecht,NI Ausländerrecht,Stadt,Niedersachsen,N,
LAB NI Rückführung,NI Rückführung,Stadt,Niedersachsen,N,
STV Hameln,Hamelin,Stadt,Niedersachsen,N,
LHH Hannover,Hannover,Stadt,Niedersachsen,N,
KRV Diepholz,Diepholz,Stadt,Niedersachsen,N,
KRV Hameln-Pyrmont,Hameln-Pyrmont,Stadt,Niedersachsen,N,
Ausländerbehörde Region Hannover,Hanover Region,Stadt,Niedersachsen,N,
KRV Nienburg/Weser,"Nienburg, Lower Saxony",Stadt,Niedersachsen,N,
KRV Schaumburg,Schaumburg,Stadt,Niedersachsen,N,
STV Göttingen,Göttingen,Stadt,Niedersachsen,N,
STV Hildesheim,Hildesheim,Stadt,Niedersachsen,N,
KRV Göttingen,Göttingen,Stadt,Niedersachsen,N,
KRV Hildesheim,Hildesheim,Stadt,Niedersachsen,N,
KRV Holzminden,Holzminden,Stadt,Niedersachsen,N,
LKR Northeim,Northeim,Stadt,Niedersachsen,N,
KRV Peine,Peine,Stadt,Niedersachsen,N,
STV Celle,Celle,Stadt,Niedersachsen,N,
Hansestadt Lüneburg,Lüneburg,Stadt,Niedersachsen,N,
STV Wolfsburg,Wolfsburg,Stadt,Niedersachsen,N,
KRV Celle,Celle,Stadt,Niedersachsen,N,
Landkreis Heidekreis,Heidekreis,Stadt,Niedersachsen,N,
KRV Gifhorn,Gifhorn,Stadt,Niedersachsen,N,
KRV Harburg,Harburg,Stadt,Niedersachsen,N,
KRV Lüchow-Dannenberg,Lüchow-Dannenberg,Stadt,Niedersachsen,N,
KRV Uelzen,Uelzen,Stadt,Niedersachsen,N,
STV Cuxhaven,Cuxhaven,Stadt,Niedersachsen,N,
KRV Osterholz,Osterholz,Stadt,Niedersachsen,N,
KRV Rotenburg,Rotenburg,Stadt,Niedersachsen,N,
KRV Stade,Stade,Stadt,Niedersachsen,N,
KRV Verden,Verden,Stadt,Niedersachsen,N,
STV Osnabrück,Osnabrück,Stadt,Niedersachsen,N,
KRV Grafschaft Bentheim,Grafschaft Bentheim,Stadt,Niedersachsen,N,
STV Lingen,Lingen,Stadt,Niedersachsen,N,
KRV Osnabrück,Osnabrück,Stadt,Niedersachsen,N,
STV Emden,Emden,Stadt,Niedersachsen,N,
KRV Aurich,Aurich,Stadt,Niedersachsen,N,
KRV Leer,Leer,Stadt,Niedersachsen,N,
KRV Wittmund,Wittmund,Stadt,Niedersachsen,N,
STV Braunschweig,Braunschweig,Stadt,Niedersachsen,N,
STV Salzgitter,Salzgitter,Stadt,Niedersachsen,N,
KRV Goslar,Goslar,Stadt,Niedersachsen,N,
KRV Helmstedt,Helmstedt,Stadt,Niedersachsen,N,
KRV Wolfenbüttel,Wolfenbüttel,Stadt,Niedersachsen,N,
STV Delmenhorst,Delmenhorst,Stadt,Niedersachsen,N,
STV Oldenburg,Oldenburg,Stadt,Niedersachsen,N,
STV Wilhelmshaven,Wilhelmshaven,Stadt,Niedersachsen,N,
KRV Ammerland,Ammerland,Stadt,Niedersachsen,N,
KRV Cloppenburg,Cloppenburg,Stadt,Niedersachsen,N,
KRV Friesland,Friesland,Stadt,Niedersachsen,N,
LKR Oldenburg,Oldenburg,Stadt,Niedersachsen,N,
LKR Vechta,Vechta,Stadt,Niedersachsen,N,
LK Wesermarsch,Wesermarsch,Stadt,Niedersachsen,N,
ABH Landkreis Cuxhaven,Cuxhaven,Stadt,Niedersachsen,N,
KRV Emsland,Emsland,Stadt,Niedersachsen,N,
Bezirksregierung Arnsberg,Arnsberg,Stadt,Nordrhein-Westfalen,N,
ABH Stadt Elsdorf,Stadt Elsdorf,Stadt,Nordrhein-Westfalen,N,
STV Dormagen,Dormagen,Stadt,Nordrhein-Westfalen,N,
STV Wesel,Wesel,Stadt,Nordrhein-Westfalen,N,
ZAB und EAE Bielefeld,und EAE Bielefeld,Stadt,Nordrhein-Westfalen,N,
STV Kerpen,Kerpen,Stadt,Nordrhein-Westfalen,N,
STV Bergheim,Bergheim,Stadt,Nordrhein-Westfalen,N,
StädteRegion Aachen,Aachen,Stadt,Nordrhein-Westfalen,N,
KRV Düren,Düren,Stadt,Nordrhein-Westfalen,N,
STV Troisdorf,Troisdorf,Stadt,Nordrhein-Westfalen,N,
KRV Heinsberg,Heinsberg,Stadt,Nordrhein-Westfalen,N,
STV Bochum,Bochum,Stadt,Nordrhein-Westfalen,N,
STV Castrop-Rauxel,Castrop-Rauxel,Stadt,Nordrhein-Westfalen,N,
STV Dortmund,Dortmund,Stadt,Nordrhein-Westfalen,N,
STV Hagen,Hagen,Stadt,Nordrhein-Westfalen,N,
Stadt Hamm Ausländer- und Flüchtlingsamt,Hamm Ausländer- und Flüchtlingsamt,Stadt,Nordrhein-Westfalen,N,
STV Herne,Herne,Stadt,Nordrhein-Westfalen,N,
STV Iserlohn,Iserlohn,Stadt,Nordrhein-Westfalen,N,
STV Lünen,Lünen,Stadt,Nordrhein-Westfalen,N,
STV Witten,Witten,Stadt,Nordrhein-Westfalen,N,
KRV Märkischer Kreis,Märkischer Kreis,Stadt,Nordrhein-Westfalen,N,
KRV Ennepe-Ruhr-Kreis,Ennepe-Ruhr-Kreis,Landkreis,Nordrhein-Westfalen,N,
KRV Hochsauerlandkreis,Hochsauerlandkreis,Landkreis,Nordrhein-Westfalen,N,
KRV Olpe,Olpe,Stadt,Nordrhein-Westfalen,N,
KRV Siegen-Wittgenstein,Siegen-Wittgenstein,Stadt,Nordrhein-Westfalen,N,
KRV Soest,Soest,Stadt,Nordrhein-Westfalen,N,
KRV Unna,Unna,Stadt,Nordrhein-Westfalen,N,
ZAB Kreis Unna,Unna,Stadt,Nordrhein-Westfalen,N,
STV Bielefeld,Bielefeld,Stadt,Nordrhein-Westfalen,N,
STV Herford,Herford,Stadt,Nordrhein-Westfalen,N,
KRV Lippe,Lippe,Stadt,Nordrhein-Westfalen,N,
KRV Herford,Herford,Stadt,Nordrhein-Westfalen,N,
KRV Höxter,Höxter,Stadt,Nordrhein-Westfalen,N,
KRV Minden-Lübbecke,Minden-Lübbecke,Stadt,Nordrhein-Westfalen,N,
KRV Paderborn,Paderborn,Stadt,Nordrhein-Westfalen,N,
KRV Gütersloh,Gütersloh,Stadt,Nordrhein-Westfalen,N,
STV Düsseldorf,Düsseldorf,Stadt,Nordrhein-Westfalen,N,
STV Duisburg,Duisburg,Stadt,Nordrhein-Westfalen,N,
ABH Stadt Essen,Stadt Essen,Stadt,Nordrhein-Westfalen,N,
ZAB Essen,Essen,Stadt,Nordrhein-Westfalen,N,
STV Krefeld,Krefeld,Stadt,Nordrhein-Westfalen,N,
STV Leverkusen,Leverkusen,Stadt,Nordrhein-Westfalen,N,
STV Mönchengladbach,Mönchengladbach,Stadt,Nordrhein-Westfalen,N,
BezReg Münster RRK,Münster,Stadt,Nordrhein-Westfalen,N,
STV Mülheim/Ruhr,Mülheim,Stadt,Nordrhein-Westfalen,N,
Integrationsamt Neuss,Neuss,Stadt,Nordrhein-Westfalen,N,
STV Oberhausen,Oberhausen,Stadt,Nordrhein-Westfalen,N,
STV Remscheid,Remscheid,Stadt,Nordrhein-Westfalen,N,
STV Solingen,Solingen,Stadt,Nordrhein-Westfalen,N,
STV Viersen,Viersen,Stadt,Nordrhein-Westfalen,N,
STV Wuppertal,Wuppertal,Stadt,Nordrhein-Westfalen,N,
KRV Mettmann,Mettmann,Stadt,Nordrhein-Westfalen,N,
Rhein-Kreis Neuss,Kreis Neuss,Landkreis,Nordrhein-Westfalen,N,
KRV Viersen,Viersen,Stadt,Nordrhein-Westfalen,N,
KRV Kleve,Kleve,Stadt,Nordrhein-Westfalen,N,
KRV Wesel,Wesel,Stadt,Nordrhein-Westfalen,N,
STV Bonn,Bonn,Stadt,Nordrhein-Westfalen,N,
STV Köln,Köln,Stadt,Nordrhein-Westfalen,N,
ZAB Köln,Köln,Stadt,Nordrhein-Westfalen,N,
Bezirksregierung Köln,Köln,Stadt,Nordrhein-Westfalen,N,
Bezirksregierung Köln ZFE,Köln,Stadt,Nordrhein-Westfalen,N,
KRV Rhein-Erft-Kreis,Rhein-Erft-Kreis,Landkreis,Nordrhein-Westfalen,N,
KRV Euskirchen,Euskirchen,Stadt,Nordrhein-Westfalen,N,
KRV Oberbergischer Kreis,Oberbergischer Kreis,Stadt,Nordrhein-Westfalen,N,
KRV Rheinisch-Bergischer Kreis,Rheinisch-Bergischer Kreis,Stadt,Nordrhein-Westfalen,N,
KRV Rhein-Sieg-Kreis,Rhein-Sieg-Kreis,Landkreis,Nordrhein-Westfalen,N,
STV Bocholt,"Bocholt, Germany",Stadt,Nordrhein-Westfalen,N,
STV Bottrop,Bottrop,Stadt,Nordrhein-Westfalen,N,
STV Gelsenkirchen,Gelsenkirchen,Stadt,Nordrhein-Westfalen,N,
STV Gladbeck,Gladbeck,Stadt,Nordrhein-Westfalen,N,
STV Münster,Münster,Stadt,Nordrhein-Westfalen,N,
STV Recklinghausen,Recklinghausen,Stadt,Nordrhein-Westfalen,N,
KRV Borken,Borken,Stadt,Nordrhein-Westfalen,N,
KRV Coesfeld,Coesfeld,Stadt,Nordrhein-Westfalen,N,
ZAB Coesfeld,Coesfeld,Stadt,Nordrhein-Westfalen,N,
KRV Recklinghausen,Recklinghausen,Stadt,Nordrhein-Westfalen,N,
KRV Steinfurt,Steinfurt,Stadt,Nordrhein-Westfalen,N,
KRV Warendorf,Warendorf,Stadt,Nordrhein-Westfalen,N,
STV Arnsberg,Arnsberg,Stadt,Nordrhein-Westfalen,N,
STV Lippstadt,Lippstadt,Stadt,Nordrhein-Westfalen,N,
STV Siegen,Siegen,Stadt,Nordrhein-Westfalen,N,
STV Detmold,Detmold,Stadt,Nordrhein-Westfalen,N,
BezReg Detmold RRK,Detmold,Stadt,Nordrhein-Westfalen,N,
STV Gütersloh,Gütersloh,Stadt,Nordrhein-Westfalen,N,
STV Minden,Minden,Stadt,Nordrhein-Westfalen,N,
STV Paderborn,Paderborn,Stadt,Nordrhein-Westfalen,N,
STV Moers,Moers,Stadt,Nordrhein-Westfalen,N,
STV Dorsten,Dorsten,Stadt,Nordrhein-Westfalen,N,
STV Herten,Herten,Stadt,Nordrhein-Westfalen,N,
STV Marl,Marl,Stadt,Nordrhein-Westfalen,N,
STV Rheine,Rheine,Stadt,Nordrhein-Westfalen,N,
Bezirksregierung Düsseldorf,Düsseldorf,Stadt,Nordrhein-Westfalen,N,
STV Dinslaken,Dinslaken,Stadt,Nordrhein-Westfalen,N,
STV Ludwigshafen,Ludwigshafen,Stadt,Rheinland-Pfalz,N,
STV Frankenthal,Frankenthal,Stadt,Rheinland-Pfalz,N,
STV Kaiserslautern,Kaiserslautern,Stadt,Rheinland-Pfalz,N,
ZABH für Fachkräfteeinwanderung Rheinland-Pfalz,für Fachkräfteeinwanderung Rheinland-Pfalz,Stadt,Rheinland-Pfalz,N,
STV Landau,Landau,Stadt,Rheinland-Pfalz,N,
STV Neustadt/Weinstraße,Neustadt an der Weinstraße,Stadt,Rheinland-Pfalz,N,
STV Pirmasens,Pirmasens,Stadt,Rheinland-Pfalz,N,
STV Speyer,Speyer,Stadt,Rheinland-Pfalz,N,
ABH Stadt Speyer Außenstelle LEA,Stadt Speyer Außenstelle,Stadt,Rheinland-Pfalz,N,
STV Zweibrücken,Zweibrücken,Stadt,Rheinland-Pfalz,N,
KRV Bad Dürkheim,Bad Dürkheim,Stadt,Rheinland-Pfalz,N,
KRV Germersheim,Germersheim,Stadt,Rheinland-Pfalz,N,
KRV Kaiserslautern,Kaiserslautern,Stadt,Rheinland-Pfalz,N,
KRV Donnersbergkreis,Donnersbergkreis,Landkreis,Rheinland-Pfalz,N,
ABH Kusel (Standort KRV Kusel),Kusel (Standort KRV Kusel,Stadt,Rheinland-Pfalz,N,
ABH Kusel (Standort AfA Kusel),Kusel (Standort AfA Kusel,Stadt,Rheinland-Pfalz,N,
KRV Südliche Weinstraße,Südliche Weinstraße,Stadt,Rheinland-Pfalz,N,
KRV Rhein-Pfalz-Kreis,Rhein-Pfalz-Kreis,Landkreis,Rheinland-Pfalz,N,
KRV Südwestpfalz,Südwestpfalz,Stadt,Rheinland-Pfalz,N,
STV Koblenz,Koblenz,Stadt,Rheinland-Pfalz,N,
KRV Ahrweiler,Ahrweiler,Stadt,Rheinland-Pfalz,N,
KRV Altenkirchen,Altenkirchen,Stadt,Rheinland-Pfalz,N,
KRV Birkenfeld,Birkenfeld,Stadt,Rheinland-Pfalz,N,
KRV Cochem-Zell,Cochem-Zell,Stadt,Rheinland-Pfalz,N,
KRV Mayen-Koblenz,Mayen-Koblenz,Stadt,Rheinland-Pfalz,N,
KRV Bad Kreuznach,Bad Kreuznach,Stadt,Rheinland-Pfalz,N,
KRV Neuwied,Neuwied,Stadt,Rheinland-Pfalz,N,
ABH Rhein-Hunsrück-Kreis,Rhein-Hunsrück-Kreis,Landkreis,Rheinland-Pfalz,N,
ABH Rhein-Hunsrück-Kreis (Standort AfA Hahn),Rhein-Hunsrück-Kreis (Standort AfA Hahn,Landkreis,Rheinland-Pfalz,N,
STV Mainz,Mainz,Stadt,Rheinland-Pfalz,N,
STV Worms,Worms,Stadt,Rheinland-Pfalz,N,
KRV Alzey-Worms,Alzey-Worms,Stadt,Rheinland-Pfalz,N,
KRV Mainz-Bingen,Mainz-Bingen,Stadt,Rheinland-Pfalz,N,
KRV Westerwaldkreis,Westerwaldkreis,Landkreis,Rheinland-Pfalz,N,
KRV Rhein-Lahn-Kreis,Rhein-Lahn-Kreis,Landkreis,Rheinland-Pfalz,N,
STV Trier (ABH Thyrsusstraße),Trier (ABH Thyrsusstraße,Stadt,Rheinland-Pfalz,N,
STV Trier (ABH Außenstelle),Trier (ABH Außenstelle,Stadt,Rheinland-Pfalz,N,
ABH Bitburg-Prüm (Trierer Str),Bitburg-Prüm (Trierer Str,Stadt,Rheinland-Pfalz,N,
ABH Bitburg-Prüm (AfA),Bitburg-Prüm (Af,Stadt,Rheinland-Pfalz,N,
KRV Vulkaneifel,Vulkaneifel,Stadt,Rheinland-Pfalz,N,
KRV Trier-Saarburg,Trier-Saarburg,Stadt,Rheinland-Pfalz,N,
LK Trier-Saarburg AfA,Trier-Saarburg Af,Stadt,Rheinland-Pfalz,N,
KRV Bernkastel-Wittlich,Bernkastel-Wittlich,Stadt,Rheinland-Pfalz,N,
ZAB Lebach,Lebach,Stadt,Saarland,N,
LRA Bautzen,Bautzen,Stadt,Sachsen,N,
STV Dresden,Dresden,Stadt,Sachsen,N,
LRA Meißen,Meißen,Stadt,Sachsen,N,
LKR Görlitz,Görlitz,Stadt,Sachsen,N,
LRA Sächs. Schweiz-Osterzgeb.,Sächs. Schweiz-Osterzgeb,Stadt,Sachsen,N,
Landkreis Leipzig,Leipzig,Stadt,Sachsen,N,
Stadt Leipzig,Leipzig,Stadt,Sachsen,N,
LKR Nordsachsen,Nordsachsen,Stadt,Sachsen,N,
LRA Erzgebirgskreis,Erzgebirgskreis,Landkreis,Sachsen,N,
LKR Mittelsachsen,Mittelsachsen,Stadt,Sachsen,N,
Landratsamt Zwickau,Zwickau,Stadt,Sachsen,N,
STV Chemnitz,Chemnitz,Stadt,Sachsen,N,
ZAB Chemnitz,Chemnitz,Stadt,Sachsen,N,
EAE Dresden,Dresden,Stadt,Sachsen,N,
EAE Chemnitz,Chemnitz,Stadt,Sachsen,N,
EAE Leipzig,Leipzig,Stadt,Sachsen,N,
LRA Vogtlandkreis,Vogtlandkreis,Landkreis,Sachsen,N,
LKR Harz-Außenstelle ZASt,Harz-Außenstelle ZASt,Stadt,Sachsen-Anhalt,N,
LKR Jerichower Land,Jerichower Land,Stadt,Sachsen-Anhalt,N,
LKR Harz,Harz,Stadt,Sachsen-Anhalt,N,
LKR Börde,Börde,Stadt,Sachsen-Anhalt,N,
LHS Magdeburg,Magdeburg,Stadt,Sachsen-Anhalt,N,
LKR Altmarkkreis Salzwedel,Altmarkkreis Salzwedel,Stadt,Sachsen-Anhalt,N,
LRA Stendal Hauptstandort,Stendal Hauptstandort,Stadt,Sachsen-Anhalt,N,
LRA Stendal Nebenstandort in der Landeserstaufnahmeeinrichtung Stendal,Stendal Nebenstandort in der Landeserstaufnahmeeinrichtung Stendal,Stadt,Sachsen-Anhalt,N,
Salzlandkreis,landkreis,Landkreis,Sachsen-Anhalt,N,
STV Dessau-Roßlau,Dessau-Roßlau,Stadt,Sachsen-Anhalt,N,
STV Halle,Halle,Stadt,Sachsen-Anhalt,N,
LKR Anhalt - Bitterfeld,Anhalt-Bitterfeld,Stadt,Sachsen-Anhalt,N,
LKR Saalekreis,Saalekreis,Landkreis,Sachsen-Anhalt,N,
Burgenlandkreis,enlandkreis,Landkreis,Sachsen-Anhalt,N,
LKR Mansfeld - Südharz,Mansfeld-Südharz,Stadt,Sachsen-Anhalt,N,
LKR Wittenberg,Wittenberg,Stadt,Sachsen-Anhalt,N,
Zentrale Abschiebestelle des Landes Sachsen-Anhalt,Abschiebestelle des Landes Sachsen-Anhalt,Stadt,Sachsen-Anhalt,N,
SMD ABH Sachsen-Anhalt,ABH Sachsen-Anhalt,Stadt,Sachsen-Anhalt,N,
LaZuF - LUK Boostedt,LUK Boostedt,Stadt,Schleswig-Holstein,N,
LaZuF - LUK Rendsburg,LUK Rendsburg,Stadt,Schleswig-Holstein,N,
LaZuF - LUK Bad Segeberg,Luká,Stadt,Schleswig-Holstein,N,
LaZuF - LUK Seeth,LUK Seeth,Stadt,Schleswig-Holstein,N,
LaZuF - LUK Glücksstadt,LUK Glücksstadt,Stadt,Schleswig-Holstein,N,
LaZuF - LUK Kiel,LUK Kiel,Stadt,Schleswig-Holstein,N,
LaZuf - LUK Fahrenkrug,LUK Fahrenkrug,Stadt,Schleswig-Holstein,N,
STV Flensburg,Flensburg,Stadt,Schleswig-Holstein,N,
LHS Kiel,Kiel,Stadt,Schleswig-Holstein,N,
STV Neumünster,Neumünster,Stadt,Schleswig-Holstein,N,
STV Lübeck,Lübeck,Stadt,Schleswig-Holstein,N,
KRV Ostholstein,Ostholstein,Stadt,Schleswig-Holstein,N,
KRV Nordfriesland,Nordfriesland,Stadt,Schleswig-Holstein,N,
KRV Herzogtum Lauenburg,District of Duchy of Lauenburg,Stadt,Schleswig-Holstein,N,
KRV Dithmarschen,Dithmarschen,Stadt,Schleswig-Holstein,N,
KRV Pinneberg,Pinneberg,Stadt,Schleswig-Holstein,N,
KRV Plön,Plön,Stadt,Schleswig-Holstein,N,
KRV Rendsburg-Eckernfoerde,Rendsburg-Eckernfoerde,Stadt,Schleswig-Holstein,N,
KRV Schleswig-Flensburg,Schleswig-Flensburg,Stadt,Schleswig-Holstein,N,
KRV Segeberg,Segeberg,Stadt,Schleswig-Holstein,N,
KRV Steinburg,Steinburg,Stadt,Schleswig-Holstein,N,
KRV Stormarn,Stormarn,Stadt,Schleswig-Holstein,N,
LaZuF - Neumünster,Neumünster,Stadt,Schleswig-Holstein,N,
LaZuF - ZSFE,Zu,Stadt,Schleswig-Holstein,N,
LaZuF - LZF 34,Zu,Stadt,Schleswig-Holstein,N,
Clearingstelle Thüringer Landesverwaltungsamt,Thüringer Landesverwaltungsamt,Stadt,Thüringen,N,
LRA Weimarer Land,Weimarer Land,Stadt,Thüringen,N,
STV Erfurt,Erfurt,Stadt,Thüringen,N,
LRA Gotha,Gotha,Stadt,Thüringen,N,
LRA Unstrut-Hainich-Kreis,Unstrut-Hainich-Kreis,Landkreis,Thüringen,N,
LRA Nordhausen,Nordhausen,Stadt,Thüringen,N,
LRA Sömmerda,Sömmerda,Stadt,Thüringen,N,
LRA Kyffhäuserkreis,Kyffhäuserkreis,Landkreis,Thüringen,N,
STV Weimar,Weimar,Stadt,Thüringen,N,
LRA Eichsfeld,Eichsfeld,Stadt,Thüringen,N,
LRA Saale-Holzland-Kreis,Saale-Holzland-Kreis,Landkreis,Thüringen,N,
STV Gera,Gera,Stadt,Thüringen,N,
LRA Greiz,Greiz,Stadt,Thüringen,N,
STV Jena,Jena,Stadt,Thüringen,N,
LRA Saalfeld-Rudolstadt,Saalfeld-Rudolstadt,Stadt,Thüringen,N,
LRA Saale-Orla-Kreis,Saale-Orla-Kreis,Landkreis,Thüringen,N,
STV Suhl / Thüringen,Suhl,Stadt,Thüringen,N,
LRA Wartburgkreis,Wartburgkreis,Landkreis,Thüringen,N,
LRA Hildburghausen,Hildburghausen,Stadt,Thüringen,N,
LRA Ilm-Kreis,Ilm-Kreis,Landkreis,Thüringen,N,
LRA Schmalkalden-Meiningen,Schmalkalden-Meiningen,Stadt,Thüringen,N,
LRA Sonneberg,Sonneberg,Stadt,Thüringen,N,
LRA Altenburger Land,Altenburger Land,Stadt,Thüringen,N,
